batch,overall_yield,afucosylation,galactosylation,acidic_variants,aggregates_hmw,high_mannose,hcp,residual_dna,lrv_xmulv,lrv_mvm,leached_protein_a
0,0.78844,7.720514,23.628453,23.258187,0.664018,6.059899,27.293112,0.000167,20.416002,10.532008,0.002834
1,0.785498,8.127341,30.054252,22.682619,0.877507,5.498424,11.533482,0.000124,18.59783,10.319528,0.003153
2,0.739529,8.709542,25.38374,23.322385,0.714487,6.527922,18.922781,8e-05,19.851024,9.636684,0.00265
3,0.724922,7.653515,26.474759,22.233298,0.740857,6.756233,10.096643,0.000122,20.155501,10.334927,0.003347
4,0.734478,7.385395,26.077454,20.019011,0.759502,5.230549,10.592955,0.000104,18.888003,10.052232,0.003325
5,0.73656,7.370397,26.102744,20.704791,0.83342,5.436919,18.33462,0.000102,20.130772,10.27465,0.003943
6,0.734528,7.788674,26.0756,22.889433,0.844594,4.810315,13.339942,8.8e-05,19.1684,10.754552,0.002798
7,0.723105,7.6693,26.764153,20.367946,0.636246,6.172388,15.465513,0.000122,19.959319,11.26448,0.003258
8,0.695097,7.480924,23.15407,24.034396,0.763701,6.566192,13.8365,0.00015,19.486601,10.623069,0.003776
9,0.709986,7.518796,25.121639,21.540262,0.705221,5.875685,17.032502,0.000111,19.217674,10.17946,0.003196
10,0.746243,8.986824,27.475704,21.610635,0.661267,6.57831,11.12387,9.8e-05,18.371784,10.839295,0.003085
11,0.774512,7.086137,24.554205,19.701574,0.731352,5.205526,13.799509,0.000126,19.540441,10.684567,0.002578
12,0.722531,7.561875,26.276853,22.994868,0.895573,5.982842,7.29899,0.000145,19.654549,10.547269,0.003057
13,0.753671,7.958056,27.287532,20.227482,0.704959,6.082346,12.493735,9.6e-05,19.560515,10.276818,0.003261
14,0.76518,7.967878,27.578054,21.924117,0.670744,6.35241,20.283632,0.00011,17.78321,10.521893,0.003117
15,0.726911,8.371732,24.079486,21.304383,0.69201,5.463974,20.144313,0.000138,19.863543,10.161318,0.002171
16,0.762505,9.38962,25.109735,20.933552,0.809729,6.143054,8.477956,0.000104,20.583906,10.504051,0.002687
17,0.744143,7.354856,23.047668,23.613451,0.719642,7.155448,21.800801,0.000109,19.954085,10.516713,0.002855
18,0.759599,6.897505,22.574772,21.255496,0.807571,5.952402,18.156758,0.000146,20.199861,10.809597,0.001882
19,0.763083,8.353433,25.613778,24.108871,0.771742,5.852747,17.851325,9.7e-05,19.020871,10.517465,0.004841
20,0.687851,7.905935,27.234332,22.390846,0.68926,5.683735,15.997659,9.1e-05,20.071996,10.491485,0.003037
21,0.719558,6.986587,22.303339,20.488346,0.647105,5.168901,21.230868,0.000119,18.973501,10.188362,0.002996
22,0.752915,8.335968,25.761916,23.461679,0.790798,7.324106,12.843033,8.9e-05,18.994292,10.365615,0.001861
23,0.701148,7.753238,26.273084,22.713471,0.644538,6.276953,17.077217,0.000134,18.56939,10.011797,0.00333
24,0.732213,8.014939,24.825846,19.991318,0.725885,6.011431,18.840632,0.000102,19.950762,10.439707,0.002297
25,0.731654,7.184587,26.950525,20.013068,0.87956,5.531653,12.703302,0.00015,17.682547,10.15229,0.003677
26,0.704371,7.548394,25.810834,22.254013,0.745609,5.868898,25.724364,0.000149,19.261071,10.053574,0.003089
27,0.745794,9.003663,27.157546,24.170117,0.704578,5.109721,11.325228,8.5e-05,19.595109,10.488695,0.002865
28,0.727048,7.916257,27.571033,22.174869,0.755383,5.310266,17.042198,0.000126,19.044541,10.660588,0.003238
29,0.754318,7.773493,25.894078,21.336791,0.799854,5.652064,21.983577,0.000104,19.275189,9.648211,0.002796
30,0.736767,9.088411,26.736799,21.007975,0.724739,5.321876,15.620516,7.4e-05,19.163669,11.198702,0.003584
31,0.77823,6.984324,26.579699,20.415921,0.670054,5.114264,21.889492,0.000144,19.681205,10.626363,0.002335
32,0.77343,7.845577,31.684163,20.854711,0.743988,5.882251,14.284026,9.5e-05,18.615626,10.637709,0.003648
33,0.706547,7.884878,23.317304,24.850413,0.888837,6.206431,9.667096,0.000108,19.92975,10.254721,0.003483
34,0.748301,7.551413,26.540512,24.238064,0.74583,5.569038,19.224293,9.2e-05,19.276982,9.948516,0.00219
35,0.74376,8.591393,26.873556,21.362336,0.614021,5.748959,9.24033,0.00014,19.986047,10.390654,0.002101
36,0.728214,7.654263,26.976095,22.71147,0.806073,5.76348,10.661569,9.4e-05,19.078618,10.239756,0.004243
37,0.717466,7.88595,28.446662,24.513927,0.759301,5.285052,10.906452,8.7e-05,19.400143,10.780427,0.002426
38,0.7405,7.373911,25.631405,23.156168,0.970663,5.412621,21.327436,0.000156,20.358872,10.684706,0.003291
39,0.759963,8.148678,24.426786,23.912531,0.810582,5.268366,14.586201,0.000134,19.467805,10.345534,0.002325
40,0.723776,9.00883,30.076504,25.174399,0.655961,6.314317,21.752938,7.6e-05,18.212668,10.09655,0.003071
41,0.715945,8.714666,25.618999,21.591345,0.770714,6.017366,11.411178,0.000108,19.291039,10.713793,0.00262
42,0.761217,7.12785,26.537967,23.324562,0.795209,6.761766,19.219464,0.000134,19.39499,10.457409,0.002906
43,0.795197,8.125514,23.911706,19.816514,0.966474,6.66722,9.021861,0.000112,19.546086,10.608546,0.003608
44,0.759004,8.300448,25.643113,21.344868,0.780201,6.390435,26.567298,9.3e-05,20.159231,10.357515,0.002141
45,0.707359,7.868117,25.187357,20.822468,0.849767,6.099899,10.795596,9.9e-05,20.041015,10.902056,0.003678
46,0.677606,7.589854,25.196528,25.609363,0.76403,6.281675,16.619844,0.000105,19.711041,10.56635,0.0028
47,0.734017,7.417449,26.756053,25.639203,0.74346,5.39765,15.485734,9.5e-05,19.168902,10.928511,0.003274
48,0.736089,7.957045,27.089565,23.132848,0.70298,6.957087,27.335147,0.000119,18.886351,10.681462,0.003318
49,0.715394,8.05383,25.067813,22.253712,0.888461,6.237949,17.513521,0.000108,19.891849,10.40314,0.0036
50,0.71002,8.620478,25.470618,20.438316,0.831828,6.46418,10.403679,0.00012,19.711328,10.598562,0.003917
51,0.811557,8.443799,23.951516,21.452933,0.791919,6.301192,14.173671,0.000127,19.612264,10.407964,0.002965
52,0.796361,8.245344,25.018382,20.370771,0.791446,5.67356,14.586291,0.000182,18.754938,10.642704,0.002905
53,0.748475,7.717831,26.038819,22.260768,0.936861,5.911626,16.104849,0.00012,19.03861,10.394688,0.002992
54,0.773553,7.861105,26.247735,20.636117,0.736994,5.645015,21.363374,0.000127,18.291936,10.777237,0.003259
55,0.767058,8.623769,26.104943,20.206332,0.660153,5.443651,11.977329,0.000107,19.509919,10.576682,0.002272
56,0.79818,8.143899,26.347736,21.221501,0.81266,6.148381,17.253505,8.4e-05,18.638873,9.369261,0.002887
57,0.728101,6.962894,26.280954,21.676055,0.75754,5.490906,14.396677,0.000121,19.038274,10.722372,0.002999
58,0.769598,8.497545,22.737423,20.955995,0.788436,5.869382,15.645526,0.000154,20.346718,10.706883,0.002781
59,0.709536,7.833107,28.079605,21.796015,0.71092,5.405033,34.258807,0.000115,19.562262,10.856953,0.002297
60,0.729521,7.99708,26.296716,23.228131,0.738778,6.880059,13.38186,9.9e-05,19.320545,10.474646,0.003024
61,0.758017,7.396769,25.648232,20.712538,0.789029,6.672573,9.620192,0.000121,19.817344,10.380924,0.003639
62,0.761006,7.642013,23.349679,20.57495,0.59209,5.751044,10.2796,9.8e-05,19.496895,10.639717,0.002603
63,0.755868,7.591722,24.889761,22.569567,0.789807,6.353469,12.110588,0.000119,19.747448,11.212751,0.002421
64,0.787383,7.60835,26.708762,21.290406,0.61339,5.26319,22.122499,0.000116,19.347719,9.495912,0.002141
65,0.763357,8.552542,23.256988,25.208761,0.584149,5.949143,12.192906,0.000132,18.920554,10.468221,0.002983
66,0.762216,8.832517,23.677643,21.945652,0.810571,6.679548,14.221332,8.8e-05,18.152483,10.318606,0.003446
67,0.73726,8.318295,26.342376,22.431044,0.663029,5.560406,10.215263,0.000162,19.866529,10.412565,0.003018
68,0.765713,7.729446,25.666655,20.160241,0.780161,6.998386,16.941628,0.000115,18.893828,10.451013,0.002662
69,0.690424,9.967103,24.787744,24.668761,0.857604,6.101039,17.966201,0.00015,19.658343,10.354608,0.002687
70,0.745579,8.759374,24.937624,23.287134,0.668375,5.998219,22.485324,0.000103,19.476793,10.696876,0.00302
71,0.768855,7.650751,26.217227,24.533021,0.7255,6.363309,20.653575,7.6e-05,19.393697,10.337156,0.003648
72,0.71539,8.382967,25.301711,19.887168,0.70316,6.016159,15.078127,0.000159,19.458021,10.148103,0.002458
73,0.739156,7.692726,24.321443,21.295749,0.706822,5.698158,17.736411,0.000171,18.709944,10.018347,0.002498
74,0.74088,7.374409,24.713357,21.428099,0.754877,6.237818,18.855624,0.000114,19.588718,10.770826,0.002495
75,0.743741,6.841554,24.037882,21.022319,0.773678,5.804993,6.90674,0.000107,19.942077,10.463495,0.002188
76,0.695424,7.144512,25.36221,24.69249,0.799675,6.208482,9.409182,0.000158,19.853437,10.595467,0.00296
77,0.718936,8.395538,24.612269,22.202052,0.939106,6.206242,11.823249,0.000105,18.758801,9.554817,0.003127
78,0.777481,7.702793,24.543806,26.013838,0.771266,5.653037,12.178211,0.000127,19.550453,10.408997,0.003379
79,0.745079,7.195697,23.686599,20.866629,0.861996,5.236987,22.527082,9.9e-05,19.28118,9.423256,0.002409
80,0.758867,7.226047,27.044404,23.505571,0.86638,6.237086,14.998303,0.000121,19.221589,9.786258,0.002854
81,0.809064,7.020932,23.855285,20.959811,0.819874,5.896786,12.591173,0.000119,19.986714,10.977657,0.002773
82,0.735068,6.543536,25.542986,21.32613,0.72383,6.531512,14.88351,0.0001,19.925672,11.011259,0.001818
83,0.797977,7.666865,27.501711,21.827817,0.713281,7.147384,13.754614,0.000118,19.177644,10.056621,0.002509
84,0.726113,8.606598,26.303054,22.855747,0.725756,5.411327,13.540939,0.00011,19.826462,10.345504,0.004828
85,0.769931,9.652483,26.802585,24.557727,0.66557,5.342626,10.194977,0.000117,19.378277,10.099214,0.002767
86,0.752027,7.127912,25.644898,22.282279,0.81031,4.624062,13.240426,0.000147,19.674,10.508169,0.002191
87,0.731929,7.253366,28.427998,22.595124,0.792759,6.337893,21.317538,0.000115,18.957967,10.278141,0.003422
88,0.780158,7.289534,27.988302,22.641354,0.765719,6.506121,15.523147,0.000116,19.40569,10.031247,0.002007
89,0.720385,6.952849,23.496069,22.215647,0.733701,6.654937,15.252904,0.000166,18.914945,10.708678,0.003258
90,0.792214,7.624424,24.751333,21.029077,0.730097,5.970313,20.281825,0.000107,19.181696,10.403425,0.002687
91,0.793809,7.380929,24.139651,21.059723,0.82069,6.622819,13.617019,0.000134,19.635108,10.717992,0.002676
92,0.727651,7.361228,24.749545,23.268598,0.863831,5.878903,10.041812,0.000136,20.085855,10.6749,0.003242
93,0.732961,7.330518,26.719438,22.526175,0.803485,6.421084,11.957724,0.000128,18.856474,10.645423,0.00339
94,0.747697,7.73781,26.070378,22.682185,0.816472,6.061753,18.579725,0.000108,18.622268,10.566565,0.002555
95,0.754477,6.822126,23.777989,19.773752,0.706658,6.664455,10.835052,0.000107,19.733338,9.97418,0.001723
96,0.770196,8.302511,26.968716,23.240966,0.750255,6.061685,36.548252,0.000108,19.503752,10.331818,0.004413
97,0.740018,7.100936,22.094367,20.397613,0.682647,6.328437,15.693879,0.000119,20.287004,10.098285,0.003006
98,0.733065,8.457761,22.059008,24.974847,0.621217,6.42754,18.590701,0.000142,19.99168,9.706236,0.002595
99,0.733176,8.24889,23.831996,19.429943,0.794321,6.242851,14.446829,0.000126,18.122763,10.938816,0.001988
100,0.747325,9.273102,27.398403,22.535941,0.62418,5.703343,19.404147,0.000129,19.586582,10.303948,0.003155
101,0.687761,8.298332,25.067937,23.249714,0.723516,6.156974,11.73121,0.000149,19.843174,10.137282,0.002708
102,0.793128,7.556763,27.000176,20.718695,0.738169,6.135165,11.905886,0.0001,20.147362,10.109561,0.002549
103,0.726233,9.423209,25.10083,21.861303,0.659794,5.581445,17.331026,9.8e-05,19.278528,10.712995,0.002955
104,0.688126,7.438407,27.289977,21.759587,0.640998,5.829887,14.420595,6.8e-05,19.986786,10.498544,0.003135
105,0.770058,7.841222,27.582888,22.260404,0.95078,6.36789,16.947185,0.000112,20.176583,10.870768,0.003785
106,0.743542,8.699529,25.851793,21.901198,0.715158,6.336274,17.110722,0.000135,20.484293,10.843739,0.002201
107,0.731145,8.00608,26.434634,23.109114,0.809119,5.035523,10.130232,8.3e-05,20.525526,10.54712,0.003632
108,0.706843,8.026744,27.091266,23.140493,0.624469,6.528214,8.530696,0.000108,19.913931,10.332619,0.003133
109,0.723473,9.011981,23.304907,20.809755,0.887992,5.476451,19.934573,0.000122,18.885726,10.853919,0.002984
110,0.773237,7.793214,25.393065,21.99147,0.759443,5.355244,21.233978,0.000189,19.929568,10.683345,0.003409
111,0.725354,7.719398,26.794481,24.293086,0.836209,5.164949,13.320118,0.00012,20.158693,10.976714,0.00349
112,0.746965,8.176266,24.21215,23.661512,0.673381,6.274211,21.057539,0.000147,19.351629,10.38397,0.003859
113,0.699988,7.542422,24.647563,21.73476,0.839275,6.896473,15.87335,0.000103,18.391333,10.965791,0.002158
114,0.762951,8.050027,28.443104,23.573631,0.652876,5.92002,10.75549,0.000143,19.863418,10.326659,0.002856
115,0.765893,7.335897,27.532311,21.485339,0.779992,6.082089,42.323242,0.000125,19.305748,9.843569,0.0032
116,0.752197,8.374263,25.641595,24.040393,0.729983,5.518515,23.503181,9.7e-05,19.470329,9.663359,0.003163
117,0.73883,8.109092,26.863033,21.356818,0.819083,5.251616,22.773698,0.000149,19.158276,9.744572,0.002895
118,0.792716,7.460457,27.507251,22.28873,0.79855,7.099901,12.963263,0.000132,19.847886,10.738446,0.003501
119,0.727453,7.60877,24.708416,20.612963,0.748147,6.274961,18.924111,0.000154,19.724533,10.348541,0.002079
120,0.727846,7.896654,25.361137,21.393006,0.849043,6.865544,11.85579,9.9e-05,18.6726,10.711583,0.002924
121,0.708326,8.21053,23.791619,21.3369,0.779878,5.818892,23.696918,0.000161,19.740065,10.583517,0.003088
122,0.734403,8.006558,27.93716,22.743242,0.904954,5.746768,8.436302,0.00014,19.033917,9.486846,0.002699
123,0.711415,9.358407,26.149278,22.586772,0.752176,6.069613,13.01068,9e-05,19.176398,11.017421,0.002835
124,0.79899,7.877808,25.184591,25.876839,0.672853,7.455023,15.540219,0.000115,19.460634,10.665707,0.002797
125,0.74486,8.381541,27.813891,23.940184,0.656038,5.891286,30.26806,0.000139,19.355885,10.14048,0.003958
126,0.725087,8.152198,28.296269,21.222705,0.769378,5.796095,12.044747,7.2e-05,19.179584,10.613074,0.003267
127,0.657331,7.478888,24.300139,20.234149,1.008318,5.772017,20.68266,0.000124,18.645111,10.658223,0.002656
128,0.795864,7.933838,32.219898,21.400505,0.716943,6.943882,20.340267,0.000123,19.640332,10.091104,0.004325
129,0.741298,7.490546,23.029277,21.163489,0.868138,5.960811,15.268738,0.000101,18.826248,10.422503,0.003033
130,0.766357,8.577213,25.628716,22.453955,0.640186,5.845588,10.24809,0.000126,20.218231,10.466025,0.003299
131,0.768945,7.442727,23.889992,21.455749,0.932891,6.267738,11.976889,9.9e-05,18.843754,10.601726,0.002316
132,0.784166,7.638066,25.837758,20.454412,0.690452,7.214992,10.518532,8.3e-05,19.687709,10.005239,0.001725
133,0.724044,7.043037,26.32423,24.134856,0.851235,6.097877,15.87604,9.7e-05,19.749701,11.035083,0.003209
134,0.701193,8.431197,25.712701,22.895416,0.810168,6.624723,14.948098,0.000105,19.67272,11.261471,0.003353
135,0.752356,7.965692,25.32233,22.385977,0.778808,5.562586,25.64533,0.000101,19.799295,10.338264,0.002774
136,0.695635,7.806062,25.90624,22.733697,0.598275,5.930566,15.317094,0.000112,20.147471,11.17289,0.003035
137,0.766985,7.730222,23.717533,23.115688,0.683418,6.826106,13.756033,0.000134,19.483876,11.107301,0.002653
138,0.720081,7.499606,26.731742,21.543633,0.890292,7.449622,15.570732,0.000124,20.091903,9.568407,0.002833
139,0.774528,8.275638,27.675246,24.154984,0.652203,6.32066,15.294269,0.000148,19.203278,10.298536,0.002828
140,0.757771,9.276036,25.848087,22.154515,0.684023,6.007803,11.450788,0.000103,19.315341,10.02451,0.002411
141,0.703524,8.048106,27.520945,25.083202,0.744894,6.554682,9.156327,0.000108,19.249071,10.709035,0.002604
142,0.753129,7.570679,26.648675,21.796046,0.664553,5.590943,8.456142,0.00014,20.173039,10.518016,0.002699
143,0.786193,8.622194,25.324361,22.363962,0.670128,5.772703,11.668835,0.000106,19.950667,10.901937,0.002454
144,0.766265,7.840215,27.757084,22.804286,0.799589,6.23345,14.678272,8e-05,19.665437,9.959685,0.002705
145,0.73277,8.541681,25.46895,20.083993,0.678514,5.908303,23.523646,8.4e-05,19.472435,10.475518,0.003657
146,0.761828,7.851297,26.169864,22.712303,0.781309,6.136715,10.161494,0.000116,18.121115,10.019189,0.00357
147,0.691839,7.270969,25.642215,23.763112,0.660113,5.54381,10.368568,0.000132,19.156458,9.925251,0.003192
148,0.761352,9.359241,24.647302,22.360771,0.595348,5.496346,12.969419,7.5e-05,19.680088,10.707139,0.004743
149,0.733768,7.734551,25.377077,22.863016,0.667615,6.614506,10.010816,8.9e-05,20.115013,9.833511,0.003068
150,0.780117,8.653489,25.978183,23.26406,0.842305,5.757904,18.391506,0.000128,19.244539,10.649677,0.002722
151,0.851578,8.736529,25.535868,20.749428,0.845573,5.339228,10.148646,0.000164,20.064646,10.380467,0.00356
152,0.764979,8.581575,26.098838,25.106295,0.889848,5.35988,18.222751,0.000114,19.469139,9.922473,0.003237
153,0.707921,7.7198,27.354892,23.546593,0.850705,5.952459,9.687204,0.000111,19.532746,10.131424,0.002773
154,0.726042,8.176321,28.085913,23.927164,0.592264,5.669369,8.655331,0.000118,18.994131,10.457186,0.004011
155,0.774617,8.320202,25.588969,19.874019,0.626424,6.341585,6.945994,0.0001,20.481266,10.281822,0.003745
156,0.785229,7.766914,25.112823,23.942407,0.827285,5.503867,11.744802,0.000104,19.242513,10.406325,0.003605
157,0.735985,7.743046,27.431803,21.456456,0.802332,5.740503,18.31442,0.000107,19.613865,10.305525,0.002877
158,0.787287,7.969973,21.906078,20.558858,0.763984,6.712418,11.169683,0.000144,19.495383,10.192232,0.00295
159,0.775331,8.457079,26.719881,24.230799,0.613884,5.460943,16.936916,0.000113,18.756326,10.462418,0.002943
160,0.7488,7.253273,25.034472,19.654846,0.732262,5.856488,10.243358,8.8e-05,19.197494,10.61719,0.002665
161,0.749218,9.036816,27.923961,25.415908,0.631891,5.951551,9.586506,0.000111,19.440347,9.894323,0.003125
162,0.757636,7.426897,25.755554,21.7475,0.771838,6.143853,16.177332,0.000113,19.698218,9.844839,0.002986
163,0.732042,7.948792,27.126983,20.680477,0.643879,6.77863,7.83355,0.000127,19.606069,9.966397,0.002724
164,0.796794,8.513475,27.8022,23.435928,0.684683,5.224053,15.933552,0.000126,18.769013,10.120564,0.002822
165,0.777298,8.883981,26.145345,24.059987,0.692388,5.672108,10.198233,0.000147,18.735838,10.53514,0.002874
166,0.739688,7.975364,24.477856,23.015625,0.765537,5.540998,15.514901,9.1e-05,18.383509,10.014043,0.002853
167,0.694229,8.036523,26.478428,21.961199,0.799854,5.926424,13.228913,0.000123,18.900511,10.634528,0.002345
168,0.767121,7.932087,25.465713,21.800675,0.827427,6.540773,18.593418,9.9e-05,19.486297,10.700438,0.003155
169,0.715143,8.584666,27.242453,22.622955,0.738773,5.897782,10.384786,0.000174,18.61083,10.205721,0.002586
170,0.740783,8.120758,26.088731,21.078827,0.54402,6.05945,9.591727,0.000159,19.078039,10.605389,0.002743
171,0.751336,6.991022,22.597122,20.344656,0.724049,6.208901,10.195133,0.000149,19.249525,10.756017,0.003371
172,0.714159,7.89937,25.930982,21.389788,0.719949,6.950211,18.069048,0.00011,19.039999,10.400046,0.002159
173,0.73178,7.931147,24.059698,22.789407,0.737501,6.441375,14.627062,0.000139,19.577781,10.253018,0.003026
174,0.744956,8.578137,24.824682,21.802631,0.75567,5.109836,14.063133,0.000109,18.848385,9.922143,0.002871
175,0.712815,9.081601,28.403102,22.285139,0.653832,5.194294,11.559069,0.000169,18.264766,10.672753,0.003451
176,0.768452,7.76751,26.555651,24.838611,0.815191,7.302959,13.974179,0.000113,18.656295,10.393334,0.002632
177,0.762694,8.016555,25.381769,22.971468,0.828689,5.576942,16.344256,9.4e-05,20.234818,9.884092,0.00245
178,0.794172,8.470792,25.242459,23.096866,0.679373,5.263233,12.085663,0.000107,19.827744,9.945523,0.002744
179,0.775077,7.573432,27.706379,22.546215,0.670318,5.736122,10.904037,0.000135,19.38068,10.228945,0.002783
180,0.731146,8.121695,24.898479,20.494667,0.691269,6.516058,22.163135,0.00012,20.200316,9.55647,0.002591
181,0.778109,8.019264,26.557572,22.868021,0.778743,6.035495,11.289201,0.00012,19.810371,10.231113,0.002675
182,0.790592,8.015851,25.278161,21.619143,0.77997,6.744277,12.94635,0.000138,19.973452,9.869854,0.003313
183,0.824603,7.546763,23.612642,21.636931,0.761724,6.067023,10.896582,0.000154,18.781853,10.387064,0.002835
184,0.76926,8.016441,28.601486,21.663302,0.668515,6.518363,9.853309,0.000198,20.067147,10.275707,0.002936
185,0.788964,7.046351,25.021549,19.988304,0.817974,6.690828,13.588319,0.000119,20.271082,10.092691,0.003452
186,0.735545,8.102577,26.016295,22.66615,0.626114,5.876638,16.993654,0.000131,19.256507,10.40517,0.003407
187,0.779188,7.986348,28.42301,23.46686,0.653045,5.328149,8.663794,0.000112,20.074119,10.509011,0.002542
188,0.809377,8.000163,28.482846,24.033339,0.671715,6.503755,21.12279,0.000106,19.676135,9.944986,0.003323
189,0.738212,7.874808,25.724629,22.529884,0.833405,5.296605,16.298394,7.5e-05,20.033065,10.389754,0.002976
190,0.760706,7.932386,27.379003,22.703439,0.749504,5.683053,23.116687,0.000157,19.607603,10.400422,0.002422
191,0.76668,7.836521,26.614022,22.446712,0.787333,5.558096,11.620222,0.000122,19.641786,11.056877,0.002763
192,0.7195,8.503931,26.700455,22.44028,0.644485,6.360407,8.658819,0.000135,20.244662,10.318627,0.002923
193,0.779642,7.485893,26.55437,20.595348,0.674616,5.542349,9.457093,0.000109,19.808615,9.876769,0.002347
194,0.778966,8.853835,29.032308,23.616328,0.693748,6.632564,10.406239,0.000138,18.910843,10.430671,0.003664
195,0.73614,7.230678,24.789115,22.947742,0.708495,6.422215,12.530834,9.6e-05,19.000353,10.252941,0.00368
196,0.711645,8.044679,24.165754,22.824021,0.768859,5.293176,16.152652,7.6e-05,19.1604,10.320845,0.002571
197,0.670765,8.56096,25.550565,19.772812,0.84676,5.947146,15.088155,0.000161,19.846647,10.752695,0.002646
198,0.70923,8.262055,23.241992,22.828573,0.727963,6.353855,12.377303,0.000119,20.130782,10.080811,0.00239
199,0.744014,7.66596,25.469556,22.491814,0.872002,5.813883,22.016373,0.000137,20.114641,9.873959,0.001969
200,0.774218,7.953051,25.816899,22.581784,0.779633,6.265568,23.192735,0.000174,18.496543,10.217545,0.003316
201,0.738035,8.469343,28.688844,23.441195,0.70872,5.374201,16.417965,8.6e-05,20.805578,10.259123,0.003687
202,0.695694,8.163374,25.158563,24.928031,0.678385,5.285169,7.675416,0.000124,19.615328,9.602137,0.004949
203,0.81691,7.509433,24.629597,21.285714,0.794297,6.270274,18.045083,0.000108,18.946058,10.28788,0.002578
204,0.735626,7.042361,26.644301,21.508324,0.696498,5.410591,19.818238,0.000144,19.632081,9.842031,0.00192
205,0.713628,8.754787,24.558214,20.606247,0.610501,5.843322,14.512422,0.0001,19.620535,10.061569,0.002899
206,0.693683,7.505808,24.357265,24.266331,0.766975,6.280571,16.177644,0.000106,19.711563,10.753874,0.00408
207,0.771568,7.967869,27.064747,23.63509,0.856571,6.153377,13.948847,0.000108,19.744384,10.725104,0.003355
208,0.730669,8.28533,27.896031,24.260256,0.652485,6.101952,11.519596,0.000148,19.133927,10.932675,0.003117
209,0.720735,8.83207,28.941024,19.506133,0.77129,6.371668,15.377885,9.7e-05,20.00855,10.572896,0.003651
210,0.803336,6.977773,29.362778,24.620814,0.741337,5.754059,17.587859,0.000129,20.595468,9.771522,0.001791
211,0.780565,8.249374,28.272778,22.46913,0.601705,6.237891,14.660004,0.000103,21.057307,10.847852,0.003232
212,0.785764,7.89486,27.743722,24.895767,0.690921,5.431739,12.106034,9.1e-05,19.009417,9.914873,0.002792
213,0.710503,7.256076,25.749813,20.19614,0.663817,5.183412,10.669032,0.000111,21.103838,9.78931,0.003774
214,0.712804,8.033076,26.048241,21.429431,0.842085,5.639025,12.376773,0.000111,20.137106,11.183922,0.002166
215,0.724665,8.59914,27.280076,22.908072,0.665339,5.83142,9.658669,0.000201,19.320754,11.026043,0.003804
216,0.713403,8.176557,28.989258,23.935379,0.83342,5.830762,19.337488,0.000122,18.416882,9.772422,0.003443
217,0.673756,7.377407,23.925744,21.419002,0.789611,5.543119,11.361593,0.00016,19.22492,9.393472,0.00256
218,0.70773,7.603743,24.24496,21.674873,0.619056,7.215686,12.417528,0.000126,19.5682,10.104991,0.00271
219,0.753519,8.602,30.030687,23.404605,0.773944,5.393693,12.022149,6.9e-05,19.462774,10.429703,0.00322
220,0.768786,7.222131,29.245644,22.025833,0.713815,5.538925,12.06689,9.2e-05,18.551561,9.914931,0.003834
221,0.778055,7.709283,26.219602,21.150719,0.791128,5.987596,16.25453,0.000129,19.333534,10.5809,0.003178
222,0.757925,7.982861,25.504681,20.181263,0.769774,6.221531,19.591697,9.6e-05,19.559476,10.83474,0.00332
223,0.747856,8.623392,27.822591,23.273412,0.69895,6.298115,11.708645,0.000101,19.436802,10.372474,0.002667
224,0.710132,8.331707,25.309036,21.689447,0.814242,6.530516,12.96605,0.000114,18.796118,10.286687,0.003033
225,0.771207,8.421028,24.787173,22.617263,0.67232,5.66964,7.506103,7.2e-05,19.983351,10.778161,0.004469
226,0.759788,7.707669,26.8801,21.657313,0.662146,7.027879,21.106316,0.000186,19.897616,10.186885,0.003129
227,0.737843,8.257495,27.54637,21.390364,0.718717,6.438537,10.240815,0.000101,19.624203,9.859053,0.002644
228,0.705788,7.928013,25.925929,22.091571,0.759813,6.865627,21.844251,0.000117,20.546234,10.300934,0.002123
229,0.737776,7.804535,26.108059,23.420945,0.625593,6.037172,13.290005,0.000148,19.070954,10.174686,0.002272
230,0.738474,8.030119,26.975744,22.297017,0.672617,6.582347,15.703544,0.000111,20.783129,9.675874,0.00259
231,0.733312,8.592262,26.344443,22.753786,0.901875,5.314889,12.050825,0.000121,19.546637,10.183508,0.002515
232,0.762329,8.485466,27.151634,22.930161,0.757005,5.529288,14.080629,0.000129,19.122732,9.415845,0.002878
233,0.733358,7.965091,24.741552,23.314379,0.780221,6.520532,14.369332,9.5e-05,18.75568,10.54925,0.002934
234,0.798228,8.314541,26.276782,22.479477,0.597942,5.536059,12.85933,0.000102,19.609266,10.201943,0.003844
235,0.745289,7.745938,25.576991,19.414593,0.758482,7.734831,14.382025,9.8e-05,20.121993,9.975521,0.0028
236,0.783448,7.84212,23.936109,22.861497,0.769102,6.082785,8.646438,0.000112,19.677394,10.685341,0.002627
237,0.711387,7.621294,26.516003,21.202635,0.652852,6.217468,11.518903,0.000106,19.592551,10.780933,0.001935
238,0.784196,8.205029,24.663707,22.291282,0.948286,5.71126,10.93589,0.000158,18.877945,10.144068,0.003238
239,0.773184,7.533329,26.434277,22.864055,0.653207,6.495987,20.470274,0.000105,19.159803,10.461883,0.003071
240,0.709772,7.708506,27.743999,22.470447,0.847874,6.660422,22.646744,0.000134,19.843453,11.100533,0.002895
241,0.70728,8.628018,29.918025,23.946935,0.792267,5.289548,10.792203,0.000128,19.437633,10.078728,0.003333
242,0.743007,7.488737,27.835906,25.403292,0.738919,5.629665,10.822029,0.000157,19.325236,10.172792,0.003431
243,0.802061,7.534044,25.228608,20.976204,0.622927,6.084253,17.946949,7.1e-05,19.430284,10.00206,0.002882
244,0.768472,7.45374,28.092397,21.076456,0.808668,5.656188,9.821833,0.000157,19.09041,11.01626,0.003071
245,0.689648,7.85002,25.295703,23.01489,0.837884,5.844182,15.449058,0.000137,18.969023,10.452799,0.002639
246,0.750823,8.01577,26.434994,21.973096,0.688798,6.493913,17.814325,0.000134,19.877683,9.995651,0.001843
247,0.72971,7.817539,25.143211,21.221861,0.694227,5.014172,21.13079,8.3e-05,18.886528,10.718404,0.002446
248,0.738986,8.110772,29.377975,22.888259,0.750438,5.541061,14.975415,0.000112,20.093572,10.667987,0.003822
249,0.70597,7.682814,25.426349,21.048256,0.838877,6.509255,23.831616,0.0001,20.042353,10.180462,0.0027
250,0.759674,7.923777,26.462118,22.935065,0.7263,5.998847,16.262101,9.7e-05,19.536939,10.592132,0.003324
251,0.753318,7.917922,25.707804,20.712003,0.728134,5.948552,15.389931,0.000131,20.399637,10.484637,0.004288
252,0.695777,7.585427,28.854577,23.691759,0.812794,5.650238,14.509674,0.000131,18.320788,10.059055,0.002918
253,0.76935,8.641455,29.706033,21.369908,0.716048,6.17454,24.897696,0.000114,20.152977,9.862345,0.002452
254,0.770339,8.740959,27.273017,26.468684,0.649865,5.321866,10.562307,9.9e-05,20.195608,10.339672,0.002243
255,0.758235,7.739253,24.477114,18.995129,0.751639,6.331745,26.877677,8.7e-05,19.140856,9.656639,0.00213
256,0.782033,6.900928,25.921859,23.340794,0.719576,5.634443,10.555643,0.000133,19.199319,10.526018,0.003049
257,0.695242,8.32579,26.077456,21.855337,0.796383,5.210997,20.028595,0.000126,19.770935,10.528283,0.003259
258,0.675104,8.17471,26.504622,23.263935,0.648109,5.784254,17.75631,8.5e-05,18.932708,10.255705,0.003402
259,0.720961,8.482029,26.239725,21.42946,0.702613,6.192495,20.828579,0.000129,19.18086,10.786177,0.003668
260,0.719955,8.623565,26.642647,20.032372,0.679785,5.261539,25.857759,0.000145,19.689048,10.364816,0.002391
261,0.711854,7.365365,25.913612,21.180186,0.737097,6.113321,10.357827,0.000141,19.389704,10.705665,0.003326
262,0.770996,8.056079,23.345474,20.726562,0.851254,6.050189,10.952017,0.000121,20.033697,10.408358,0.00272
263,0.71545,8.022734,26.068078,21.653365,0.799296,5.517986,24.083909,0.000123,19.653488,10.223436,0.002268
264,0.701008,8.767787,25.646006,24.899511,0.836807,6.217048,8.013032,9.2e-05,19.283723,10.460973,0.002866
265,0.777324,7.851076,25.453346,22.698276,0.771036,5.428032,15.266712,0.000128,19.333695,11.519536,0.002811
266,0.787019,8.236648,24.5771,21.987907,0.700799,5.486819,20.802887,0.000125,19.180672,10.037658,0.002433
267,0.731981,8.966499,29.080762,22.133382,0.679422,5.846895,14.885974,0.000133,20.296151,10.550742,0.002205
268,0.741866,7.249233,24.923557,22.680073,0.862245,5.66394,7.017683,0.000128,19.841957,10.62316,0.002539
269,0.710378,7.880215,23.430101,19.760009,0.91612,6.074549,12.192805,0.000135,20.607014,10.244879,0.001963
270,0.789955,7.620672,25.08229,21.736994,0.69097,5.493411,9.375458,0.000157,19.782967,10.192077,0.004092
271,0.745036,7.995523,25.532012,21.714352,0.636834,6.071393,15.427961,0.000152,18.441758,10.051511,0.002608
272,0.701058,8.692571,27.732409,21.904308,0.681624,6.223665,19.666714,0.000112,20.362897,10.757135,0.003012
273,0.721042,8.005731,27.137899,20.421262,0.80658,5.065439,10.098158,0.000124,21.462444,10.182633,0.002254
274,0.754559,7.431215,27.723016,23.168358,0.700702,6.860317,10.983538,0.000146,19.501025,9.92459,0.003327
275,0.820894,7.197093,26.088038,23.452643,0.78503,5.702261,7.598895,9e-05,19.876848,10.294611,0.002288
276,0.746884,8.241525,25.749309,21.792271,0.758361,6.236035,18.356314,0.000131,19.30707,9.941328,0.00277
277,0.746363,8.521539,27.691839,25.022076,0.691005,5.631431,13.023043,0.000105,19.707092,10.178402,0.003526
278,0.791352,8.263386,24.309278,24.280585,0.631447,5.752542,12.306783,0.000124,19.320169,10.844663,0.00268
279,0.752492,8.264439,28.67063,21.699249,0.78447,5.233153,14.409689,0.000107,18.653581,10.365999,0.00261
280,0.791014,8.930102,26.722268,22.050592,0.781325,6.053042,12.04031,0.000102,19.85485,10.11422,0.003258
281,0.75384,7.497318,27.623802,23.437649,0.799271,5.4483,12.492524,0.0001,19.533638,10.112075,0.002569
282,0.744416,7.540408,25.604396,21.2543,0.678145,5.777905,7.579711,0.000119,18.685216,10.05188,0.003107
283,0.782804,8.665997,26.228081,24.707846,0.849502,6.301833,11.609728,0.000144,20.552585,10.428787,0.002819
284,0.734752,7.878852,26.495764,21.898061,0.772098,5.193321,13.197281,0.000117,20.081581,10.631324,0.003433
285,0.734619,8.19109,28.348171,22.767736,0.65805,6.28872,15.100103,0.000168,19.794302,10.495053,0.003753
286,0.69937,8.003495,24.390049,21.669574,0.811794,6.002418,24.253982,8.4e-05,20.895393,9.974058,0.002445
287,0.75569,7.165531,23.708369,21.892293,0.84176,6.25109,15.745513,0.000136,20.206626,10.440608,0.003194
288,0.742416,8.029715,29.173329,21.144148,0.697414,6.331882,16.059429,9.7e-05,19.10643,10.778259,0.003233
289,0.706549,7.224281,26.359622,22.389134,0.763478,6.701917,13.381116,9.9e-05,20.035943,10.033219,0.002256
290,0.728167,7.856622,25.836992,23.373012,0.840951,5.597436,7.368084,0.000109,19.373496,10.875811,0.003536
291,0.771523,8.382714,24.614615,21.858802,0.538644,5.514391,17.372673,9.1e-05,20.492217,10.053389,0.002979
292,0.721845,8.051698,23.878457,24.253549,0.842443,5.969398,9.405395,0.000128,19.648684,10.421906,0.002741
293,0.747026,8.837032,26.065152,23.711198,0.693619,6.504257,10.157482,0.000109,19.84547,9.6303,0.003635
294,0.860476,7.280458,25.804876,22.039039,0.768989,5.638594,18.196141,0.00017,18.749167,11.278475,0.002895
295,0.806285,8.216735,25.831264,23.086482,0.670487,7.062546,11.091727,0.000107,19.452111,10.104564,0.003423
296,0.806481,8.498244,23.911692,22.480925,0.685876,6.190272,13.302903,0.000128,20.743011,11.117566,0.002268
297,0.745368,7.470254,25.608013,23.355044,0.719067,5.871676,9.693346,0.000171,18.994582,10.100647,0.003272
298,0.771223,8.027258,24.637528,23.625501,0.648705,5.86754,15.767318,8.5e-05,18.682327,10.535414,0.002157
299,0.729068,7.910515,26.727248,21.543059,0.722853,6.077887,12.140645,9.6e-05,19.233469,10.499825,0.002248
300,0.706543,7.435487,26.314034,23.042558,0.885947,5.267671,23.887155,0.000123,20.616783,10.224363,0.002876
301,0.74269,7.248914,24.399068,22.86262,0.991177,6.088674,16.673627,0.000139,19.924858,10.330625,0.003579
302,0.747135,7.836716,27.069207,22.421429,0.687731,5.292638,20.523675,9.3e-05,18.911314,10.500592,0.002599
303,0.723898,8.981815,27.666719,22.262896,0.767986,5.224443,15.687034,0.000115,19.199957,10.549023,0.002415
304,0.78137,8.203781,26.617298,25.955284,0.785175,6.061315,17.875724,0.00011,19.809171,10.526088,0.003398
305,0.741245,9.218093,27.677025,22.44306,0.716482,6.068775,11.763119,6.3e-05,19.4149,11.043223,0.002738
306,0.709563,7.503178,25.556235,20.99946,0.81127,5.974624,13.636585,0.000142,19.47747,10.839158,0.003637
307,0.719409,8.663469,27.163676,22.482093,0.724943,7.200967,19.22104,0.000126,19.875207,10.166963,0.002547
308,0.755901,7.663891,25.228976,20.153104,0.82184,5.083857,17.368267,0.000174,19.183869,10.551732,0.002832
309,0.748654,7.147179,25.827293,22.202544,0.721096,5.710487,18.587179,0.000121,19.727359,10.209502,0.003174
310,0.722314,8.866259,26.666479,24.243389,0.765467,5.628739,12.801626,9.1e-05,19.306822,10.463022,0.003431
311,0.803698,8.540709,28.19884,21.709411,0.789121,6.195141,14.59017,0.000112,19.621568,10.010767,0.004729
312,0.737129,7.312232,28.386244,21.330122,0.743443,5.815017,20.123956,0.000121,19.006574,9.780784,0.002683
313,0.769701,8.367599,24.192356,21.305623,0.67798,5.362964,22.550405,0.00015,18.661184,10.317992,0.003118
314,0.703172,8.151941,25.129787,22.61988,0.762511,7.118022,14.00365,0.000126,20.568435,10.271401,0.003022
315,0.745176,7.134381,27.306928,21.791658,0.660817,6.485966,6.960876,0.000104,19.591285,9.859315,0.003026
316,0.783086,7.952119,24.332813,22.29143,0.825704,5.463184,13.658765,0.000145,19.707575,9.722547,0.003269
317,0.779633,7.452396,26.975627,21.397402,0.930153,5.556119,12.215028,0.000106,19.578999,10.104311,0.00324
318,0.731426,8.628874,26.994773,21.987893,0.724228,6.542687,14.252756,0.000138,19.738198,10.430557,0.002436
319,0.770286,7.744105,25.153776,20.832297,0.760554,5.612588,12.64486,0.000111,19.98971,10.677219,0.003668
320,0.764783,8.536533,26.770986,23.193774,0.73883,6.675283,17.09871,0.000115,20.160506,10.376882,0.00303
321,0.77768,8.011714,25.809104,24.643326,0.583903,5.761309,12.444119,9.8e-05,19.86377,11.131379,0.00216
322,0.764645,7.33229,23.282632,24.303714,0.688388,6.009225,15.455515,0.000129,20.641805,11.000406,0.00425
323,0.759218,7.151072,25.705906,20.806433,0.750467,6.292663,20.236466,0.00012,18.180334,10.308511,0.002616
324,0.712146,7.327843,28.358593,21.44431,0.763144,6.790657,14.961088,0.000132,19.680168,10.288609,0.00417
325,0.73248,8.015171,25.227519,22.949077,0.826755,7.038007,12.493425,7.5e-05,19.656962,10.587054,0.003479
326,0.746101,6.460711,24.758317,19.980385,0.913688,5.57437,14.223928,0.000167,18.74225,11.004547,0.002981
327,0.740477,8.448373,24.148153,22.506607,0.741504,5.919975,13.675081,0.000118,19.495711,10.374331,0.003111
328,0.788876,7.966916,24.547345,22.716627,0.884562,5.250742,20.854485,0.000125,19.161514,10.216438,0.003437
329,0.757853,7.769495,27.306777,22.770729,0.57959,6.4483,15.708604,8.1e-05,19.10313,10.213359,0.002649
330,0.719317,8.136662,25.357061,22.861621,0.719093,6.105888,7.525201,7.8e-05,19.395619,10.051002,0.003018
331,0.72093,7.696833,25.289682,22.553245,0.629248,5.114332,11.294511,0.000152,19.451241,10.006038,0.0028
332,0.679128,8.573107,25.166165,24.504861,0.780741,6.002902,15.552769,0.000106,19.798787,10.531637,0.002473
333,0.796119,8.408258,26.262415,21.045134,0.775788,5.513691,13.182149,0.000146,19.811809,10.315115,0.002261
334,0.795924,9.256529,27.468791,22.648306,0.66316,5.774715,10.69864,0.000103,18.691506,10.721128,0.003148
335,0.770257,8.013028,25.329314,24.701994,0.815063,6.535978,11.409555,9.8e-05,19.050612,10.562076,0.002958
336,0.761855,7.308716,25.484725,24.327508,0.9941,7.455829,14.716008,0.000121,19.253294,10.86591,0.002344
337,0.681388,7.179964,24.879615,21.163815,0.813335,6.109934,16.350867,0.000122,19.532145,10.587918,0.003588
338,0.709468,8.405223,22.270278,22.525591,0.772616,6.151076,19.191461,0.000141,20.670623,10.807806,0.003284
339,0.778712,7.671788,25.84334,21.2813,0.699641,5.428863,14.958074,0.000139,20.478161,10.835435,0.002397
340,0.707249,6.880893,22.290924,19.60572,0.737663,6.547436,20.52973,0.00017,19.917853,10.494714,0.00277
341,0.747483,7.59482,22.754826,21.031786,0.714612,6.660559,12.582316,0.000134,19.818144,10.514633,0.0017
342,0.743317,8.269905,25.565047,23.599837,0.738009,6.126792,14.418672,0.000213,20.215377,9.886254,0.002581
343,0.732375,8.716651,24.693365,23.117007,0.787925,7.573515,12.73619,0.000105,19.94765,9.715796,0.003262
344,0.767042,7.429003,23.891449,20.908587,0.923083,6.228009,15.492785,0.000138,19.973503,10.867497,0.002368
345,0.725088,8.331966,26.860419,21.183406,0.703429,5.540921,13.324141,9.3e-05,20.032221,10.205886,0.002474
346,0.759018,7.605594,26.392369,23.007933,0.761303,4.85692,14.112097,0.000113,18.813891,10.623828,0.0033
347,0.721213,8.633077,25.221277,20.367462,0.661665,6.144378,16.775289,0.000104,18.719523,10.984634,0.002662
348,0.751453,8.120187,25.219002,21.171084,0.789611,5.615021,10.8684,0.000127,20.317468,10.28639,0.00274
349,0.749274,7.901044,27.487873,21.800529,0.775044,6.009207,15.282277,8.4e-05,19.435128,10.241809,0.004113
350,0.738601,7.364568,24.070992,19.28745,0.867862,6.259744,24.089218,0.000155,18.781331,9.776007,0.003195
351,0.789894,7.946103,25.397296,21.473993,0.745249,6.190457,9.689769,0.000127,19.914351,10.754681,0.00292
352,0.786168,8.691168,27.770283,22.026029,0.770148,5.699654,19.800609,0.000128,19.216185,10.864036,0.003262
353,0.767942,8.243489,25.622093,22.831934,0.69222,5.89793,14.479077,0.000117,18.537805,10.879106,0.002902
354,0.695334,8.092733,24.984876,21.443135,0.646462,6.393905,11.923747,0.000128,18.902863,10.537358,0.002753
355,0.747362,8.365495,24.284484,23.508371,0.650297,5.341376,16.692946,0.000145,19.993341,10.643143,0.002949
356,0.71663,7.215557,25.820032,21.712103,0.644725,5.759624,11.436935,0.000106,20.192635,10.398391,0.002554
357,0.772469,8.095427,25.877648,22.905744,0.667238,6.678097,15.439062,0.000135,18.918582,10.79868,0.002779
358,0.756321,7.457895,25.752449,22.092541,0.672903,5.423438,17.271966,0.000114,19.086919,10.757498,0.003236
359,0.717625,8.054844,25.351622,22.120646,0.610265,5.725565,9.65357,8.9e-05,19.465993,10.675989,0.002755
360,0.793922,7.498368,27.416226,22.530154,0.693251,6.212951,16.082768,8.4e-05,20.524677,9.770802,0.002733
361,0.749365,7.371405,24.679563,23.847322,0.682427,5.587768,15.386544,0.000101,18.630885,9.076208,0.002587
362,0.766039,8.068242,25.219297,22.422571,0.753878,6.291219,10.025456,0.000123,18.262286,9.955655,0.002464
363,0.75572,7.273628,24.842283,23.423118,0.838053,5.908669,15.166416,0.000132,20.441541,10.888549,0.003201
364,0.782746,8.398103,26.851593,20.339741,0.737179,6.157106,14.076512,0.000119,19.002281,9.529885,0.002122
365,0.77947,8.820534,27.127108,21.463129,0.737471,6.121364,8.851585,0.000102,19.458346,10.029367,0.003369
366,0.804844,8.129185,28.517825,24.44436,0.713516,5.457523,19.152019,0.000107,20.264499,9.966925,0.003235
367,0.730252,8.240298,26.358112,24.265244,0.748381,5.068391,13.815106,0.000117,19.207309,9.898455,0.00253
368,0.714401,9.308468,28.490755,21.207873,0.772657,5.721035,16.772885,9.4e-05,18.30499,11.181379,0.002432
369,0.734704,7.200457,25.706564,24.969597,0.754516,6.096018,11.944843,0.000156,19.269735,10.240749,0.002631
370,0.751889,8.037661,26.938786,22.00447,0.636838,5.856918,15.641171,0.000127,18.80789,10.363455,0.003309
371,0.764969,7.297364,24.472359,21.062495,0.795483,5.19572,14.876067,0.000101,19.880403,10.249672,0.004379
372,0.738115,8.235224,26.990679,21.158912,0.721018,5.40297,14.08957,0.000155,20.035974,10.727808,0.002431
373,0.748297,8.232612,27.48589,22.228286,0.738446,5.095948,18.767541,0.000124,19.111802,11.237779,0.003367
374,0.710418,8.538909,25.454157,22.272106,0.801657,6.41531,26.260755,0.000104,19.540495,10.353563,0.003287
375,0.747084,8.50516,24.456631,23.433332,0.708002,5.842611,11.615566,0.000104,18.625923,10.340934,0.003153
376,0.69814,7.733123,26.723087,24.933067,0.834973,6.523002,12.78601,0.000124,18.844879,9.886681,0.003776
377,0.765918,7.411493,26.394546,23.212682,0.833605,6.319611,13.335899,0.000114,19.654289,10.331937,0.003694
378,0.780836,8.078646,24.478306,20.750523,0.626423,6.562931,25.677296,0.000161,19.90022,9.918485,0.002805
379,0.725888,7.836932,25.54776,22.801495,0.651383,5.868945,9.062433,0.000118,19.528163,10.076669,0.004473
380,0.789735,8.182949,24.164334,22.855784,0.832032,5.689198,12.536441,0.000108,19.610506,10.451871,0.002738
381,0.753378,8.039862,24.554299,23.821112,0.713851,6.214252,8.522254,0.000133,19.802713,9.969432,0.004051
382,0.733663,7.34592,25.514424,20.34368,0.764681,6.650388,15.432851,0.000104,20.014812,10.481946,0.003442
383,0.736181,8.552766,28.746682,22.711554,0.81824,5.510883,11.938008,0.000143,19.707615,10.805214,0.003167
384,0.743153,9.654518,28.474168,21.027326,0.7071,6.132136,11.121583,0.000122,19.405925,10.590659,0.004013
385,0.732493,7.001157,24.861569,21.10031,0.728031,5.784542,17.070794,0.000138,19.20806,10.454203,0.003842
386,0.725492,8.052791,24.25646,21.930554,0.530848,6.005781,19.476347,0.00013,19.36813,10.27325,0.002956
387,0.813702,8.106437,27.756422,20.427364,0.812822,6.291405,17.618081,0.000153,17.819076,10.562567,0.002687
388,0.723157,8.177241,26.344736,21.752498,0.818591,5.583564,18.507771,0.000135,19.733863,10.600878,0.002321
389,0.824115,7.786402,25.020643,22.623474,0.682458,6.013834,23.543407,0.000161,18.227767,9.70525,0.003026
390,0.796198,8.327981,25.362736,20.599134,0.753126,6.24266,20.756801,0.00013,19.614139,10.036517,0.002528
391,0.790658,8.135153,27.592542,22.118014,0.730474,5.165806,16.402992,0.00012,18.981743,10.120916,0.003154
392,0.725155,7.368966,24.342163,22.186612,0.913386,5.399757,13.929255,0.000121,20.470624,10.481039,0.002345
393,0.756958,7.411571,25.512679,25.166866,0.848891,6.081756,20.158415,0.000109,19.184104,10.659092,0.002784
394,0.799327,7.171189,23.968817,20.530581,1.014441,6.661839,12.732395,0.000144,19.190559,10.551415,0.00292
395,0.717691,7.071438,26.233293,21.276599,0.720231,6.026567,14.923928,0.000105,19.130621,10.184626,0.002969
396,0.750275,7.010682,22.436928,22.1114,0.849617,6.553746,17.598147,0.000135,19.931521,10.442281,0.003597
397,0.755582,7.990564,25.81207,21.838768,0.7797,7.269912,14.312569,0.000156,19.486676,10.316587,0.003057
398,0.766793,8.804589,26.499022,22.002293,0.685643,6.679518,21.16156,7.9e-05,19.795884,9.671221,0.003456
399,0.770307,7.990862,23.432767,22.797757,0.827696,5.703273,10.864749,0.000133,19.528859,10.559375,0.002555
400,0.745777,7.570488,24.854069,21.572028,0.806214,6.192242,10.097335,0.000128,19.539224,10.332477,0.003424
401,0.771668,7.801264,25.802514,22.74764,0.759044,5.489052,17.572362,0.000129,21.303038,10.160282,0.002851
402,0.734425,7.686935,25.910023,19.795259,0.715807,6.514963,8.324844,9.7e-05,20.54818,10.445459,0.004072
403,0.760637,8.932347,26.218065,19.290155,0.718498,6.223285,10.07937,8.1e-05,19.003916,10.339362,0.002948
404,0.769803,8.837759,27.189864,22.276908,0.730091,5.530757,20.785971,0.000116,19.078993,9.979754,0.003256
405,0.743203,8.019576,28.262142,22.273228,0.829019,5.681949,13.926005,0.000125,19.31236,9.889323,0.002544
406,0.768443,8.392548,27.51561,20.808037,0.768054,5.951975,12.50316,9e-05,18.672147,10.461804,0.003361
407,0.784488,7.394825,30.064576,26.672154,0.69675,6.091405,34.497472,0.000158,19.664302,10.31263,0.003572
408,0.762482,8.153147,27.380248,24.08813,0.661984,5.517037,17.603261,0.000149,18.308109,10.478001,0.002108
409,0.742712,7.619354,27.679889,22.536556,0.676134,5.961409,15.150482,0.00016,20.432893,9.90609,0.003307
410,0.775792,6.89643,24.309058,20.619378,0.752553,5.57518,9.584704,0.000126,19.318179,10.170279,0.002654
411,0.750754,8.239161,22.892256,20.824546,0.722626,5.478763,11.679123,8e-05,18.732897,10.233593,0.003655
412,0.761104,8.723328,28.468542,20.391067,0.800898,6.030022,13.35935,9.1e-05,19.148418,9.916656,0.003492
413,0.784049,7.869794,26.82942,22.315719,0.673946,6.328383,11.079162,0.000104,18.346277,10.326812,0.003032
414,0.775083,8.87535,26.747998,20.944079,0.780524,6.875302,11.958355,0.000132,19.155908,10.236984,0.002006
415,0.768029,7.61655,24.254404,20.960374,0.720581,5.533051,22.355613,0.000125,19.962959,10.123608,0.002486
416,0.763863,8.093264,25.950281,24.256053,0.698699,5.65435,19.784045,9.3e-05,19.941768,10.117144,0.002477
417,0.748594,7.750875,24.973112,20.90579,0.768471,6.148741,13.989428,9.9e-05,19.582393,10.556168,0.002657
418,0.756732,8.293972,28.442833,21.593466,0.714206,5.856372,11.616756,0.000104,18.333953,10.405249,0.002966
419,0.710826,7.706444,24.717388,19.472133,1.046017,6.577118,16.506283,9.9e-05,19.027941,10.365085,0.003477
420,0.745187,7.407834,25.694018,21.489477,0.794285,5.60658,8.118509,0.000157,19.849765,10.758722,0.003175
421,0.743427,8.505822,25.820539,21.660209,0.715947,5.503063,9.319653,0.00011,18.791156,10.039073,0.002796
422,0.761211,6.674945,25.935754,22.822775,0.760951,5.977754,23.170327,0.00012,20.312125,10.34264,0.002927
423,0.708374,7.197391,27.983021,20.817093,0.873992,5.845082,11.674302,0.000133,20.018032,10.176005,0.002065
424,0.788769,6.515295,24.134176,21.868512,0.795232,6.219117,15.277541,0.00013,20.237698,10.567262,0.003498
425,0.725538,7.990377,25.719517,22.98395,0.818896,6.153793,16.466736,0.000128,19.172211,9.430098,0.003942
426,0.758721,7.137004,25.480909,23.414728,0.691597,5.803044,10.105372,9.7e-05,19.316124,10.055958,0.003231
427,0.732757,7.862465,24.726393,20.129611,0.741271,5.771762,8.49322,0.000134,19.289432,10.480731,0.002074
428,0.75786,8.273992,26.187614,23.683282,0.743434,6.644957,17.657141,0.000129,19.89771,10.838842,0.00246
429,0.776597,7.944929,23.179644,22.561276,1.098065,5.453635,25.308563,0.000119,19.389569,9.561447,0.003472
430,0.740748,8.619808,26.236381,21.392177,0.740793,5.835707,10.983594,0.000205,18.564437,10.375422,0.00343
431,0.760174,8.216629,28.737944,24.663988,0.659688,6.883007,19.121807,0.000111,19.832231,9.794727,0.00362
432,0.843809,9.136561,25.215027,22.938961,0.769762,5.91662,16.810253,0.000129,19.040656,10.62262,0.002718
433,0.692154,7.582784,27.064073,22.409753,0.606358,6.207857,20.123111,0.000122,18.836417,10.212522,0.003425
434,0.727471,7.674657,26.440976,22.449111,0.75589,5.434582,10.81681,7.1e-05,19.274321,10.526061,0.002729
435,0.748424,7.419344,24.104812,21.567176,0.73284,5.622048,12.611962,9e-05,18.356486,10.519125,0.002549
436,0.762906,7.57546,25.752679,23.149786,0.743415,5.046144,9.823153,0.000138,19.466261,11.549563,0.002771
437,0.745953,7.731187,25.078638,21.995433,0.679911,5.301239,14.146287,0.000113,18.607199,10.478194,0.002669
438,0.745573,7.791037,25.708861,22.636223,0.621996,6.006565,13.131004,8.9e-05,18.822307,10.939652,0.003834
439,0.730561,7.912964,26.575389,23.120959,0.752262,5.444425,15.410036,0.000145,20.114824,9.989498,0.002817
440,0.834471,8.331424,24.953153,21.306375,0.663363,5.866491,13.84695,0.000124,19.503783,10.480023,0.002455
441,0.745213,7.583495,25.16968,22.922284,0.771938,5.997311,17.853136,0.000135,19.987217,10.420127,0.00301
442,0.763101,8.615787,23.289864,22.922727,0.832712,5.800093,10.287846,0.00014,19.367475,10.310597,0.003355
443,0.740638,7.830034,25.471242,22.700062,0.84217,5.575935,15.399559,0.000171,19.308448,10.323902,0.002289
444,0.807422,8.014542,24.40548,22.00731,0.762382,6.57902,16.854683,0.000117,19.529098,10.4486,0.002305
445,0.724057,7.807125,27.768666,22.303751,0.728727,5.945609,19.846918,0.000143,19.494667,10.450353,0.00293
446,0.779019,7.901127,26.259283,20.074788,0.651897,5.247328,12.709219,0.000155,19.398779,10.391003,0.003043
447,0.768602,7.710055,26.383138,23.396619,0.808499,5.918728,13.274555,0.000166,19.656907,11.065876,0.004051
448,0.709314,7.5514,28.93584,22.074505,0.782866,5.749398,20.92533,0.000115,18.833314,9.336009,0.00385
449,0.782477,8.347482,24.890271,22.359792,0.685808,5.994877,14.620262,0.000147,19.871639,10.751244,0.003415
450,0.719013,7.35806,26.985717,21.054271,0.938682,5.662382,17.47923,0.000176,18.491835,9.834479,0.002692
451,0.724046,7.462353,24.504478,25.022174,0.794381,6.359834,15.889692,0.000184,19.516108,9.965328,0.002051
452,0.747284,7.874604,26.630481,21.627804,0.752274,6.500745,17.550925,0.00013,19.239927,10.584042,0.00343
453,0.800933,8.132454,24.915546,22.398786,0.848952,6.296196,15.76248,0.000158,19.71553,10.244013,0.003177
454,0.760924,7.223196,24.00083,20.582162,0.842621,5.944234,17.452161,0.000129,19.842391,10.439176,0.002294
455,0.703304,8.354122,26.82816,24.323363,0.654393,5.945154,15.659839,0.000157,20.191465,9.933499,0.002204
456,0.68921,8.53699,25.843296,21.220378,0.731555,5.930443,13.682422,8.2e-05,19.198207,10.608767,0.003963
457,0.723738,7.806224,26.485244,20.940003,0.799416,5.355322,18.330648,0.000107,18.624909,10.453269,0.003919
458,0.775114,7.572868,24.862404,22.443189,0.792883,6.863774,11.482992,0.000144,20.053888,10.249148,0.002292
459,0.7924,7.864271,26.584007,22.873746,0.726601,6.020707,7.596945,0.000136,19.314455,10.29521,0.003983
460,0.784213,8.752072,24.751472,21.851755,0.674227,6.575897,10.933757,9.7e-05,19.080951,10.805224,0.002985
461,0.763956,8.013178,25.997174,20.883283,0.63182,5.587726,12.858569,9.8e-05,19.456612,9.874722,0.003796
462,0.734554,8.875746,27.794875,23.454794,0.930892,6.776049,13.400179,9.8e-05,18.452338,10.327742,0.00286
463,0.743574,7.91457,24.346485,20.288517,0.789045,5.71287,19.508193,0.000142,18.84341,10.119225,0.002962
464,0.770358,6.384792,24.92583,22.368637,0.833444,5.524976,23.105818,0.000198,18.936432,10.534527,0.003298
465,0.742668,8.235292,24.961605,21.705508,0.890293,5.52313,22.716556,9.4e-05,18.573658,9.938125,0.0032
466,0.75466,7.361677,25.423934,19.815545,0.676723,5.405316,24.093594,0.000104,19.473886,10.164053,0.002602
467,0.770801,8.348089,23.093759,18.860506,0.796135,6.057165,9.30054,9.3e-05,19.712279,9.700918,0.003465
468,0.762611,7.785558,25.120405,20.313576,0.922598,5.969468,14.444871,0.000157,18.501753,10.702746,0.002462
469,0.779514,7.968621,26.232037,23.090647,0.695785,5.624915,15.030465,0.000146,19.224054,10.134608,0.002686
470,0.684895,7.745538,24.498965,21.821058,0.778581,5.434041,16.252973,0.000158,19.661346,10.814431,0.003977
471,0.740887,7.938783,26.828583,23.161523,0.816722,6.561807,17.243494,9.7e-05,19.383096,10.168663,0.002974
472,0.739736,7.208727,25.69166,21.791497,0.835997,6.476586,16.684173,0.000203,19.888427,9.972418,0.003461
473,0.798701,8.032117,27.450688,23.070768,0.693054,6.147703,9.951842,0.0001,20.280937,10.526088,0.002456
474,0.797429,8.197082,24.61676,22.053113,0.879163,5.882091,7.83632,0.000113,18.854852,10.492089,0.002796
475,0.759213,8.880598,27.291288,24.02227,0.687203,5.357834,11.587943,0.000124,19.665663,10.428492,0.0037
476,0.717509,7.070476,27.303238,21.921849,0.789767,6.47474,15.156541,0.0001,19.460419,10.134995,0.002974
477,0.789182,7.570574,24.621178,22.716438,0.725685,5.909669,14.557982,0.00014,19.252965,10.586843,0.003297
478,0.790978,7.083816,24.585139,20.693245,0.757389,6.260369,14.111099,0.000123,19.115158,10.674442,0.003016
479,0.735441,7.998129,29.90481,23.061322,0.614804,6.374975,18.657078,8.8e-05,18.380803,10.026182,0.003265
480,0.736864,6.927393,24.185918,21.059823,0.673656,6.630695,6.741207,8e-05,20.272009,10.760983,0.002384
481,0.791346,8.150828,23.804542,21.283989,0.98108,7.282262,15.5804,9.7e-05,19.938825,10.477236,0.003534
482,0.806026,6.981858,26.606532,22.315757,0.629893,5.931896,12.343699,9.5e-05,19.553319,11.161716,0.003133
483,0.737689,8.199938,25.247769,21.077347,0.883909,6.831847,15.374082,8.5e-05,20.656651,10.446654,0.003121
484,0.791316,8.512505,25.396331,21.714635,0.800812,6.633698,14.900068,0.000104,18.385716,10.50043,0.002446
485,0.736571,7.785823,24.429233,23.3052,0.902223,6.116382,14.572538,0.000114,19.532495,10.288728,0.003962
486,0.74035,7.845726,24.359047,20.113287,0.680783,6.189783,18.569253,0.000219,19.234267,10.787174,0.003817
487,0.762856,8.823402,28.425611,21.601671,0.714216,5.802689,10.495782,9.4e-05,20.836259,9.817004,0.00327
488,0.741619,6.842553,29.308666,26.166521,0.690624,5.489131,10.096418,0.00019,19.855381,10.818079,0.002652
489,0.753658,7.949671,26.033873,25.901284,0.724811,6.139457,13.404308,0.000203,19.363655,11.148823,0.002397
490,0.680413,8.396291,27.110681,23.495435,0.872788,5.666716,20.194211,0.000136,19.011271,10.060435,0.003339
491,0.7294,8.030848,25.72776,21.630016,0.855301,5.839501,15.12333,0.000179,19.208127,9.911251,0.003332
492,0.726753,7.771287,23.780126,23.587443,0.650211,5.344054,11.732106,0.00011,19.196355,10.244135,0.003194
493,0.806785,8.096174,27.51991,21.616583,0.703098,6.094539,16.761459,8.3e-05,18.818584,10.240371,0.002824
494,0.707675,8.249229,26.501848,22.131903,0.706001,6.077419,14.265272,0.000133,18.884671,10.81477,0.003272
495,0.704066,8.19783,27.780095,20.328991,0.774392,6.37392,13.074303,7.9e-05,20.4394,11.25652,0.003985
496,0.744727,8.750388,27.937875,20.044423,0.833868,6.15611,16.40201,0.000106,19.484885,10.333699,0.003081
497,0.707981,8.425476,25.703608,24.562267,0.782745,4.785241,12.102985,8.5e-05,19.229541,10.298282,0.002146
498,0.793586,7.938247,23.639793,20.652062,0.914183,5.561164,10.952588,0.000145,19.351297,10.477966,0.002945
499,0.802287,8.592251,24.866443,21.870916,0.607814,5.055389,8.263186,0.000131,19.724683,10.177906,0.002568
500,0.774132,7.154121,27.9703,24.514874,0.773432,6.579142,17.485735,0.000101,19.658092,10.652077,0.003061
501,0.754312,7.369448,26.7633,25.661975,0.72103,5.483853,8.746013,0.000102,19.440948,10.344771,0.002266
502,0.776016,8.908804,27.101919,23.745511,0.635323,6.053124,8.208502,0.000104,19.107478,10.909204,0.002126
503,0.692686,8.403493,25.90746,21.025578,0.816627,6.088946,10.857158,0.000122,20.152715,10.276123,0.002469
504,0.754294,7.546068,25.816132,20.843102,0.752111,6.731357,8.610954,0.000117,19.720817,11.520278,0.003398
505,0.748274,8.680966,25.874285,22.182772,0.733593,5.932283,16.428222,9.4e-05,19.328845,10.579758,0.001681
506,0.721847,7.490024,24.836182,20.349696,0.689314,6.185436,12.661186,0.000201,19.581748,10.494759,0.002483
507,0.814111,8.045496,26.48841,21.900509,0.501114,4.867447,13.463377,7.8e-05,18.584351,10.28287,0.003768
508,0.778391,7.474255,24.877215,22.724879,0.844311,6.524135,24.164972,0.000157,19.832374,10.700386,0.001753
509,0.752472,7.663067,30.093229,22.72741,0.741803,6.137425,17.106897,0.000133,20.043787,10.288704,0.003369
510,0.741771,9.621067,24.390951,21.487084,0.804566,6.264075,11.368444,0.000151,18.903374,10.893394,0.003008
511,0.73832,8.316299,25.032598,22.657844,0.796253,5.118132,19.184731,0.000138,19.099366,10.123482,0.002553
512,0.731092,7.705515,25.800867,21.687085,0.84459,6.470377,15.416381,0.000138,19.435927,9.766726,0.002542
513,0.767467,8.263691,25.092705,22.048254,0.646366,6.372521,10.75125,0.000104,19.344037,10.454611,0.002238
514,0.748342,8.026375,25.258471,23.886632,0.789855,6.054936,21.229629,7.9e-05,19.369318,10.365566,0.003763
515,0.774091,8.665706,27.847877,22.246874,0.675123,6.691899,9.656213,9.1e-05,18.589193,9.737427,0.003072
516,0.762303,7.117767,23.668309,22.259998,0.689791,6.751109,17.534038,0.000159,18.767468,10.560523,0.002476
517,0.780372,8.062973,26.960376,23.275165,0.617522,5.826206,18.428143,0.000117,19.523137,10.850197,0.002991
518,0.727349,8.740561,25.815041,22.403793,0.849354,5.244272,17.840567,0.000111,19.706616,10.999176,0.00288
519,0.714834,9.030573,28.133707,26.073736,0.680269,5.676075,7.090944,0.000127,19.871059,10.611357,0.002248
520,0.755046,7.661716,27.475576,22.41963,0.69705,6.241354,15.798671,0.00011,19.330241,11.03587,0.002866
521,0.759877,7.326273,25.395429,21.35736,0.779371,5.983811,19.023283,9.3e-05,19.580835,10.515481,0.002531
522,0.754284,7.876448,25.457683,23.563369,0.78494,5.535331,16.258077,0.000123,19.44715,10.422906,0.002991
523,0.776967,8.163369,26.218322,23.96813,0.66004,6.421315,10.565597,8.8e-05,20.484666,10.581965,0.002558
524,0.754672,9.019956,27.950598,22.048825,0.767133,5.346664,11.428144,0.000154,19.478133,10.052607,0.002434
525,0.728827,7.606142,25.203381,22.748802,0.734391,6.682733,15.164843,0.000141,19.327869,10.315909,0.003227
526,0.769256,7.842609,25.271731,22.895451,0.726937,6.003935,12.459845,0.000157,20.685993,10.409042,0.002957
527,0.798589,7.360353,25.263687,20.984932,0.707201,6.061634,11.45888,0.000141,19.298746,10.446857,0.002474
528,0.746352,7.492119,26.889138,23.76214,0.749627,6.255382,17.46648,0.000187,19.38617,10.636654,0.002439
529,0.714873,8.827549,23.299605,21.435209,0.772515,6.125197,7.80543,0.000122,19.848684,10.049049,0.002575
530,0.796039,7.45852,22.445146,22.968021,0.670254,6.116053,16.456871,0.000119,19.569531,10.484671,0.00342
531,0.785296,7.479504,26.136492,22.71025,0.821093,5.538099,18.214633,0.000105,19.321949,10.307699,0.002271
532,0.770179,8.050618,26.413926,22.145181,0.712989,4.978949,15.93022,0.000119,18.947192,9.869888,0.003439
533,0.734233,8.402848,29.324539,22.892536,0.843627,5.017,17.572251,0.000102,19.361631,10.175653,0.002951
534,0.716663,8.287339,28.31142,22.152455,0.778915,6.793823,13.695679,7.4e-05,19.199296,10.234541,0.002815
535,0.768964,6.516631,25.789977,20.966703,0.699918,6.413791,16.583818,0.000144,20.639328,10.147179,0.0032
536,0.767069,8.216637,25.088839,23.154276,0.77254,6.852612,22.914759,9.1e-05,19.590922,10.401954,0.004328
537,0.761086,8.322076,25.309772,21.388123,0.722095,5.722032,11.605011,0.000113,20.51809,9.794407,0.003066
538,0.754513,7.977085,25.46747,21.075063,0.853655,6.347264,14.55087,9.5e-05,19.986943,10.189175,0.002316
539,0.800873,8.368249,26.099025,22.246706,0.714584,5.985931,18.684265,0.00014,18.845413,9.905373,0.002416
540,0.761521,8.156028,24.296244,23.311322,0.770177,6.311746,19.508752,0.000138,19.602079,10.685151,0.003242
541,0.712451,7.859554,25.297953,25.942848,0.698587,5.669435,12.525952,0.000151,19.774069,10.637581,0.003321
542,0.765122,7.452758,24.228437,25.154155,0.824459,5.60989,10.220498,0.000106,20.250227,10.537245,0.003499
543,0.751053,8.172148,24.416005,22.226533,0.681006,4.631278,11.729086,0.000163,17.948219,11.096617,0.003431
544,0.746499,8.326258,28.96165,23.032935,0.679024,5.189197,15.831248,0.000119,20.088006,10.916971,0.002831
545,0.732699,7.905876,24.887908,22.116239,0.728605,6.396215,12.831713,0.000133,19.920533,10.696478,0.002092
546,0.830129,7.516808,25.333648,22.995477,0.799559,5.7816,16.613341,0.000148,19.493173,10.27413,0.002996
547,0.727861,7.919503,25.827914,23.817799,0.571511,5.683403,14.245309,0.000125,20.377086,10.837067,0.002316
548,0.742548,7.440803,27.560379,25.988321,0.749827,5.667216,14.12554,0.000114,19.392933,10.034352,0.002386
549,0.754753,7.087906,23.504669,20.379767,0.701994,6.083986,15.773786,0.000136,20.149368,10.329456,0.00303
550,0.751227,8.869188,24.113856,23.802671,0.841336,5.672183,13.371882,0.000111,20.208141,10.524227,0.003806
551,0.724031,8.464393,24.218448,22.733459,0.724559,5.452258,13.448611,9.2e-05,19.835987,10.997945,0.003122
552,0.798218,7.331012,25.017621,23.933377,0.79581,5.891036,8.9759,0.000131,20.699362,10.631803,0.002784
553,0.720175,8.259524,30.854895,23.953111,0.714683,6.155307,11.042136,0.00012,20.692277,10.401769,0.003628
554,0.761486,8.062665,27.058361,22.836204,0.762154,4.875296,14.533687,0.000105,20.818446,11.20809,0.001753
555,0.764412,7.975761,25.526478,21.915756,0.744669,7.06599,30.916434,0.00011,19.970263,11.093399,0.002425
556,0.73545,8.165711,27.306942,27.215713,0.664765,5.936985,8.871348,0.00013,20.343716,9.652012,0.003947
557,0.695801,8.03582,28.176118,22.203148,0.676496,5.324433,11.192321,0.000122,18.617821,10.296922,0.001931
558,0.732902,8.603027,28.18732,21.772711,0.738261,5.969285,14.024433,0.000117,19.833115,10.380166,0.003331
559,0.717857,7.805054,22.927061,21.559374,0.927213,6.514409,12.740403,0.000118,21.054262,10.406617,0.003457
560,0.735967,8.387,24.587037,22.573453,0.847883,6.376574,18.072739,0.000146,20.176478,10.603854,0.003364
561,0.7615,8.272322,26.625794,21.804351,0.738826,6.544623,20.86966,7.5e-05,19.811537,10.216811,0.002418
562,0.790251,8.326515,23.600328,20.778541,0.818709,6.4223,16.606382,0.000137,19.46589,10.394468,0.003083
563,0.722584,7.987513,24.004149,22.08292,0.60811,6.135116,20.57698,0.000129,19.778648,10.155759,0.002473
564,0.797064,8.981581,28.93653,20.626773,0.766943,6.15616,11.123876,0.00012,19.844705,10.203921,0.002427
565,0.739363,7.579926,27.350572,22.248527,0.694562,5.356167,15.997959,8.7e-05,19.972038,10.586633,0.003268
566,0.749593,7.83317,26.832852,22.572267,0.728959,5.867771,17.291522,0.000127,20.372522,10.591044,0.002588
567,0.713071,8.856513,26.200488,24.421997,0.853611,5.994733,21.816616,0.000175,19.621539,10.579167,0.003542
568,0.709792,7.753443,25.772374,21.904368,0.660114,7.060718,20.167866,0.000104,19.937601,10.714306,0.003267
569,0.739566,8.243999,25.100024,21.633805,0.866868,6.398241,10.881515,0.000111,19.360025,10.118984,0.002941
570,0.700242,8.521314,26.520727,23.49225,0.712062,6.128476,17.480386,0.0001,19.177857,10.352992,0.00214
571,0.742453,8.189875,24.494121,21.691998,0.797937,5.832853,16.994671,0.000171,20.128909,9.960305,0.002409
572,0.761327,9.239217,25.824662,25.80117,0.881816,6.478379,13.604094,8.1e-05,20.841871,9.961572,0.002836
573,0.726549,7.296909,26.98592,21.907464,0.864926,6.449261,16.225434,0.00013,19.023701,10.226288,0.002124
574,0.794847,6.461821,26.518687,24.644133,0.899428,6.177159,31.40408,0.000108,19.776298,10.645787,0.003596
575,0.738593,7.872245,25.520901,23.433527,0.839317,6.334828,35.161588,0.000115,18.649786,10.332243,0.002656
576,0.717351,8.897391,27.403414,21.176161,0.785041,5.53631,25.13883,8.4e-05,19.133562,10.590052,0.002896
577,0.737383,8.534316,24.07387,25.198075,0.803546,5.555436,13.355922,0.000113,19.753519,11.04754,0.004078
578,0.742275,9.298461,26.423711,23.842018,0.791051,5.098094,21.051831,0.000145,18.796547,10.116704,0.003925
579,0.747336,8.982957,28.140528,23.507913,0.928083,5.334825,20.655693,0.000126,20.381314,10.187636,0.00247
580,0.745987,7.907154,23.726145,20.987567,0.711037,5.72596,12.908047,0.000113,20.171582,10.072114,0.002214
581,0.728027,8.065957,26.365604,20.264169,0.71984,5.968287,18.457051,0.000137,20.540622,9.785796,0.003175
582,0.749196,8.74419,25.884784,19.476471,0.765477,5.736296,14.414053,9.9e-05,19.690043,10.908338,0.002906
583,0.788171,8.014844,27.698901,22.170449,0.945405,5.609799,17.643025,0.000124,19.497843,10.807181,0.002073
584,0.736521,7.601133,28.499695,23.109447,0.743152,5.476138,22.279203,0.000193,20.007957,10.547943,0.003418
585,0.802784,8.108719,27.28729,23.416238,0.599076,5.694649,13.338871,0.000101,20.046453,10.971361,0.003963
586,0.754139,8.03391,25.530978,23.92533,0.881102,6.130376,19.372219,0.000132,19.592078,10.002295,0.003827
587,0.8211,7.995552,26.852877,21.509354,0.751162,5.938935,13.568206,0.000118,19.264225,9.222466,0.002958
588,0.785019,8.251755,27.376809,24.723453,0.850349,7.039399,8.120241,0.000122,20.557597,10.666032,0.003956
589,0.74986,7.361242,26.192554,23.140502,0.877739,5.889757,23.940493,0.000113,18.89943,10.994896,0.003606
590,0.734922,7.523478,25.079481,21.200649,0.870459,6.421719,11.281041,0.000145,19.583007,11.009623,0.003417
591,0.754843,7.98977,25.928823,21.603838,0.673269,6.259234,21.621461,0.000105,19.436892,9.889993,0.002534
592,0.802517,8.511785,25.899384,21.735608,0.851533,5.997029,7.292233,0.000125,19.786079,10.35427,0.00229
593,0.717903,8.049598,26.85783,20.264676,0.728635,6.197124,18.924998,7.9e-05,19.691545,11.028018,0.00208
594,0.761624,7.768308,27.070137,23.053906,0.842166,6.155458,17.116788,0.000124,20.020383,10.380677,0.002579
595,0.794489,7.754108,26.763755,20.700119,0.753463,6.124183,10.190476,0.000116,19.047753,10.438508,0.003349
596,0.828104,8.236976,25.340341,23.096792,0.815326,5.879276,16.577374,0.000129,19.29686,10.911166,0.003157
597,0.788264,8.105624,26.710426,25.077664,0.733912,5.341038,12.305968,0.000141,19.879246,10.748596,0.004569
598,0.754334,9.373873,29.008595,22.528176,0.665432,5.652323,5.582262,0.00013,18.723581,10.867936,0.002526
599,0.686244,6.929725,25.359204,24.264234,0.663727,5.638572,23.444813,0.000213,19.052253,11.136958,0.00233
600,0.745071,8.10688,25.163727,21.444631,0.756025,6.497237,11.644801,8.7e-05,20.43814,9.945178,0.002964
601,0.700674,8.248676,27.460792,22.299113,0.880863,6.481975,14.166523,0.000108,20.516649,9.822368,0.002762
602,0.775843,7.279741,24.795013,23.264451,0.749485,5.813233,14.245275,0.000149,20.37228,9.603854,0.002488
603,0.692243,8.159879,27.288081,24.809105,0.933167,5.936466,14.086711,0.000119,19.974367,11.094891,0.002705
604,0.775715,8.286792,24.983658,21.861441,0.62008,5.6628,10.940743,0.000145,18.418511,10.383961,0.004869
605,0.722409,8.373224,26.218979,22.579746,0.789348,5.021129,16.651431,0.000139,19.541718,10.154085,0.00241
606,0.723223,8.499454,24.747202,24.23552,0.74078,6.3851,12.198048,0.000111,20.21459,10.119965,0.001923
607,0.808873,8.995372,28.155702,21.279885,0.755122,5.879009,21.227076,9.1e-05,19.022379,9.913792,0.002358
608,0.729012,7.894775,24.470001,22.683021,0.598419,6.219858,10.302906,0.00011,20.513047,10.173997,0.002643
609,0.73392,7.815671,26.87613,22.72228,0.774374,6.175242,8.853604,9.8e-05,19.226721,9.60375,0.003551
610,0.763769,8.853221,26.75634,21.823111,0.713708,6.850932,15.091203,5.5e-05,18.389405,10.576691,0.004855
611,0.734269,8.211204,26.763309,22.506329,0.693485,5.2795,11.519291,0.000186,19.575357,9.750973,0.00237
612,0.722505,8.975308,24.967715,21.780372,0.710147,5.383682,16.126462,8.7e-05,18.987758,10.576109,0.002588
613,0.760329,6.82597,23.640188,20.619345,0.730324,5.572933,16.605211,0.000171,19.481414,10.306968,0.004209
614,0.751815,8.997043,24.767235,22.252926,0.614468,6.568013,8.210099,8e-05,19.451389,10.876093,0.003354
615,0.776704,8.207474,24.96306,23.70772,0.698628,6.074702,22.653657,0.000126,18.824529,10.720253,0.002923
616,0.758647,7.956805,25.675897,22.96593,0.679111,6.888628,9.911349,0.000105,18.328447,10.409476,0.00303
617,0.745377,8.469922,23.882369,21.807934,0.887456,5.625149,9.671848,0.000159,19.052428,9.90197,0.002845
618,0.800423,7.768162,24.6854,23.541509,0.698453,6.08843,19.423045,0.000129,19.794932,10.79374,0.003387
619,0.790509,7.574044,25.313975,23.298924,0.812037,6.074444,23.914334,0.000195,19.84882,10.434914,0.003273
620,0.719274,8.801112,29.080385,22.532962,0.857932,6.530027,12.265959,7.7e-05,19.803514,10.190137,0.001752
621,0.791223,7.811369,26.668809,21.783889,0.74223,6.061305,23.027942,0.000166,19.602224,10.510904,0.002756
622,0.745821,8.370782,23.868353,21.582425,0.692328,5.777146,18.484403,0.000149,19.46727,11.263472,0.002388
623,0.698654,6.78699,25.908169,22.364831,0.873205,6.680439,21.769785,0.000137,20.562822,10.688825,0.002344
624,0.817519,8.014498,29.480486,21.613235,0.681643,5.285703,15.525444,6.9e-05,20.439513,10.003789,0.002693
625,0.736315,7.790248,25.911374,24.824253,0.668431,6.572345,12.306965,0.000125,18.879518,10.954824,0.002859
626,0.72832,8.310222,26.410977,21.281852,0.863116,6.204472,11.541186,0.000143,19.282279,10.715462,0.002738
627,0.717226,7.077943,25.114003,21.09241,0.746239,5.929283,20.61673,9.9e-05,20.143685,10.39937,0.003077
628,0.801919,7.156272,27.307422,22.326497,0.652293,6.177905,18.617978,0.000133,18.510239,9.75091,0.002985
629,0.713304,8.562404,25.07996,22.736983,0.883298,6.542246,7.088325,0.000125,19.199424,9.991369,0.003625
630,0.75892,7.538332,26.106696,22.862159,0.847846,5.716242,18.291314,0.000113,19.916401,10.294127,0.002907
631,0.767517,7.757919,27.975488,20.772971,0.698709,6.842867,14.229238,0.000111,21.018626,10.26592,0.002137
632,0.736285,7.553129,24.622982,22.097061,0.657152,6.478472,18.46957,0.000118,19.868583,10.270436,0.003398
633,0.737046,7.599933,25.999426,24.162497,0.673367,5.040278,20.214671,9.7e-05,19.072498,10.730634,0.002823
634,0.750313,7.944822,24.579963,22.748359,0.766658,6.183174,16.955595,0.000154,18.565746,10.137584,0.003105
635,0.774357,8.872943,24.304748,23.623554,0.741344,5.380679,12.376387,0.000123,19.51288,10.476503,0.002138
636,0.715361,8.039946,25.249119,23.977066,0.717823,6.011275,23.11406,0.000129,19.444709,10.896519,0.003422
637,0.796835,7.822008,25.606861,22.417781,0.678954,5.715513,10.392287,9.2e-05,19.517099,10.298184,0.00373
638,0.73364,7.032965,25.500865,21.936554,0.836926,5.227103,17.172372,0.000151,19.46101,10.108031,0.004148
639,0.750099,8.404755,26.763879,21.765401,0.732171,5.634545,7.8709,0.000118,18.993524,9.781341,0.00304
640,0.767796,8.487641,26.859019,20.4622,0.624229,5.855448,10.554929,9.4e-05,19.554282,10.5687,0.002752
641,0.754352,8.043566,26.196014,21.697824,0.680752,5.594245,9.075697,0.000161,19.998295,10.437485,0.003315
642,0.729661,7.896627,27.177602,21.49235,0.74917,5.953835,13.538696,0.000113,19.122474,10.837598,0.002979
643,0.744708,6.929162,22.898332,20.869398,0.826183,5.966199,14.395244,0.000196,19.379983,10.734442,0.00273
644,0.736313,7.339361,25.1858,22.261649,0.87774,6.304508,12.297081,0.000147,19.591913,10.052639,0.002851
645,0.771083,8.904382,24.988393,23.819664,0.714145,6.161845,13.180209,8.5e-05,19.504358,9.792246,0.003827
646,0.758133,8.661614,24.962861,21.358342,0.647531,5.61658,14.361361,0.000121,20.238621,10.219638,0.002158
647,0.789487,7.012892,28.808977,20.778457,0.805996,5.369581,11.431531,0.000107,19.652701,10.043966,0.002542
648,0.742611,8.599086,27.050485,21.31482,0.660297,5.423928,9.704361,0.000121,20.350547,10.505174,0.002114
649,0.7709,8.211689,30.546116,22.2526,0.634237,4.9843,20.173638,9.9e-05,19.371753,10.686589,0.002989
650,0.716764,8.212551,28.601507,22.49312,0.753112,5.981038,16.100832,9.7e-05,19.576014,10.036395,0.003744
651,0.787026,7.981851,26.815926,21.32094,0.73605,6.660921,20.675405,0.000107,20.227469,10.324063,0.001755
652,0.795012,7.705758,26.408109,20.916987,0.762536,5.341757,19.0959,8.7e-05,18.770224,10.948416,0.002683
653,0.798707,7.052387,26.921083,25.628886,0.732413,5.855381,9.439572,0.000103,19.557868,10.543823,0.002893
654,0.753871,9.132309,26.566819,22.695515,0.838833,5.794164,9.085993,0.000103,20.009672,10.59495,0.002676
655,0.718637,8.626439,26.466357,22.25326,0.724279,6.591825,15.887597,8.1e-05,20.844089,10.601698,0.003785
656,0.799512,7.290814,24.832668,25.250516,0.615086,6.123332,12.701626,0.000117,20.227692,11.05641,0.002863
657,0.72079,7.38607,25.000798,20.39558,1.004676,6.273453,9.937201,0.000127,20.099393,11.010442,0.002747
658,0.741593,8.589073,27.630989,22.018207,0.6525,6.74754,11.067693,7.1e-05,18.578994,10.96327,0.002489
659,0.739893,7.842728,25.852831,21.859295,0.656154,6.714919,14.439233,0.000163,18.908933,10.418147,0.002673
660,0.767098,7.688538,26.442036,20.404036,0.639182,5.801961,13.362492,0.000114,18.708252,9.652821,0.002958
661,0.744535,8.184068,25.326732,22.387131,0.748955,6.566256,14.885838,0.000141,20.226607,10.403749,0.003167
662,0.800392,7.83352,26.600112,21.219964,0.673768,6.260725,12.493976,0.000171,18.361723,10.048987,0.00322
663,0.693229,8.108332,29.035399,21.298481,0.752237,6.150583,20.244416,0.000204,20.079586,9.609405,0.003243
664,0.766032,7.201185,23.882245,24.095216,0.672491,6.820374,17.318503,0.000135,19.686733,10.82096,0.002388
665,0.743012,9.09081,27.043753,23.000681,0.646479,5.514564,18.749596,0.000107,19.415164,11.529404,0.00327
666,0.751134,8.839967,29.577102,24.858468,0.764425,5.988714,17.733262,8.7e-05,21.228391,10.286349,0.003025
667,0.77457,7.959816,26.178478,23.57346,0.766517,6.799781,18.310904,0.000105,20.029112,10.635626,0.004069
668,0.856424,7.820603,27.442005,21.530326,0.658883,5.905362,11.98499,0.000127,20.161211,10.476623,0.002594
669,0.69889,7.895818,25.904666,21.451827,0.774708,5.76676,12.410771,0.00012,19.954529,10.481354,0.002776
670,0.756366,7.944969,27.348483,24.671211,0.844873,6.135427,13.57287,0.000125,21.782441,10.431467,0.003051
671,0.7428,8.345305,26.334635,22.316028,0.598217,6.766901,19.370412,9.7e-05,20.409541,11.004962,0.002842
672,0.699181,8.575502,25.822072,24.923695,0.771333,7.329431,14.08862,7.9e-05,19.924668,9.796562,0.003393
673,0.717957,8.986096,26.678956,26.419346,0.856872,6.332062,15.221881,0.000124,18.545295,10.703049,0.002614
674,0.774659,7.183612,26.034159,22.486526,0.95084,5.398842,19.396658,0.000124,19.35496,10.167435,0.00355
675,0.781564,7.63261,26.216044,25.137919,0.813758,6.604039,11.815704,0.000139,18.960579,9.894579,0.003208
676,0.778985,7.577101,25.548323,22.443636,0.65049,6.900475,12.607863,0.000154,20.252604,10.216437,0.002999
677,0.731014,8.750344,26.0444,23.323691,0.807775,5.209882,11.928925,0.000117,19.802443,10.512021,0.002483
678,0.726817,8.13359,26.774722,21.354586,0.757119,5.820854,17.049996,0.00014,20.092346,10.354929,0.003486
679,0.701373,7.268859,28.045229,24.134461,0.685239,5.583151,16.502477,8.7e-05,19.874161,10.84072,0.002327
680,0.804452,9.024173,27.045164,24.127459,0.644657,5.807249,10.230783,0.00012,18.963654,10.348841,0.002856
681,0.761676,8.259091,23.283883,19.070096,0.677266,6.117543,9.970142,8.5e-05,19.737836,10.766536,0.003306
682,0.767234,7.636792,25.746901,22.574797,0.657198,5.368504,7.208855,0.000119,20.47678,10.462205,0.0026
683,0.785366,6.860296,24.535696,23.402072,0.765486,5.449307,12.766633,0.000163,19.262053,10.238934,0.003318
684,0.783804,7.511028,26.497428,22.18632,0.747996,6.178297,19.69308,0.000132,19.716104,10.860068,0.002732
685,0.755625,7.43578,24.58125,24.281299,0.877008,6.382395,16.28012,0.000127,20.53781,10.235564,0.003144
686,0.748077,7.866432,25.274239,22.530955,0.785245,5.207048,20.571669,0.00012,20.231405,10.380005,0.002765
687,0.738083,8.641146,26.506,24.227797,0.731197,5.21367,8.382003,0.000123,20.573084,10.292751,0.002425
688,0.814611,7.880077,24.908199,22.748602,0.687433,5.365815,12.538686,0.000129,19.243476,10.613611,0.002259
689,0.779525,7.762425,26.981736,22.890606,0.827384,6.611371,13.791326,9.1e-05,20.697475,10.162436,0.002584
690,0.71555,8.327778,24.915668,21.361603,0.715013,6.305941,18.512597,8.7e-05,19.697768,10.40554,0.002761
691,0.745061,7.4077,23.358004,21.1339,0.772187,5.590569,12.018543,0.000111,19.709071,10.599764,0.003948
692,0.713929,7.214289,24.757149,21.928612,0.782425,6.452651,14.630077,0.000133,19.082941,10.04091,0.003447
693,0.801013,7.777777,26.673448,20.152816,0.752737,6.153165,26.304865,0.000155,18.591365,9.943258,0.002424
694,0.746893,7.969417,29.005012,21.757607,0.597431,5.774998,13.003338,0.000171,18.790546,9.922205,0.00227
695,0.758954,8.372801,28.516368,21.784132,0.683682,6.524111,14.390323,7.9e-05,19.698066,10.553975,0.002884
696,0.782938,7.267427,28.089463,23.680758,0.643971,6.449611,24.857125,0.000128,19.14354,10.729324,0.003873
697,0.816924,7.829002,27.337627,22.743095,0.821447,6.258639,14.663787,0.000117,20.193625,10.582484,0.003102
698,0.725446,8.182264,24.618777,21.0488,0.878472,6.322954,17.929242,0.000147,19.469465,9.976059,0.002665
699,0.75737,8.196716,23.914412,22.102652,0.776028,5.956435,14.270729,0.00013,19.91811,10.220714,0.002208
700,0.7311,7.846536,26.015399,24.815295,0.768818,5.294501,28.817181,0.000134,20.239661,10.180118,0.002846
701,0.76628,7.90619,25.939917,25.665814,0.917499,5.826682,11.324353,0.000128,20.304553,10.473462,0.002277
702,0.80066,7.975809,24.730838,22.014621,0.684867,5.502788,18.589217,0.000117,20.329814,9.964276,0.002596
703,0.766879,8.739447,25.488974,23.104637,0.772833,5.550851,14.067198,9.9e-05,20.188307,10.752347,0.00281
704,0.706681,7.324341,26.008565,22.550698,0.731441,6.160067,21.710945,0.000119,18.741149,9.739744,0.002093
705,0.812684,8.544282,22.7889,21.673301,0.807913,6.661759,13.112286,7.8e-05,18.444162,11.026486,0.0036
706,0.781439,7.734967,26.65854,23.041044,0.799076,6.341292,19.685036,9.1e-05,19.998819,10.626779,0.002913
707,0.74502,8.3295,27.953607,20.852083,0.807776,6.02524,24.723543,5.6e-05,19.212681,10.16053,0.002162
708,0.737618,8.314452,29.683842,23.111057,0.573999,5.71678,19.98531,8.6e-05,18.727974,11.209307,0.003733
709,0.775605,7.673039,25.507753,24.270661,0.921052,5.915246,12.794071,8.5e-05,19.341486,10.794193,0.003008
710,0.730812,7.422866,26.245361,22.422129,0.789744,5.709928,11.425826,0.000142,18.861109,10.472744,0.003424
711,0.718876,9.204763,29.300106,22.180288,0.678732,6.058018,11.558801,0.000122,20.25334,10.243608,0.00319
712,0.7577,7.987925,27.902747,24.651518,0.785795,5.154191,13.959126,9.5e-05,19.914266,11.476238,0.002593
713,0.697727,7.425504,27.34887,22.601804,0.711935,6.989579,14.663161,0.000101,19.168174,10.708591,0.001723
714,0.803928,7.885447,23.300388,23.376757,0.823802,5.476076,10.298793,0.000102,20.897386,10.497685,0.002485
715,0.798685,7.635401,24.939101,22.435149,0.855859,5.653555,17.144615,0.00014,19.349262,10.781813,0.002165
716,0.706028,7.184483,24.639699,21.044501,0.687816,6.046801,10.335472,0.000172,18.698756,10.020671,0.002837
717,0.746283,8.084416,24.801474,22.287317,0.862938,6.039578,27.874981,0.000108,19.407543,10.610734,0.002781
718,0.739651,7.293939,26.442408,22.725203,0.767525,7.977833,21.949347,0.00015,19.086515,11.056622,0.002759
719,0.761576,7.51372,25.574628,22.935575,0.812246,5.052321,15.967926,0.000135,19.081569,10.294635,0.003012
720,0.759722,8.593171,26.372563,21.695265,0.744173,5.801415,5.726689,0.000121,20.375738,10.730006,0.002803
721,0.747435,8.366048,25.793326,22.203743,0.658487,5.852842,16.164722,9.1e-05,20.100278,10.093535,0.00266
722,0.661895,8.479678,28.156531,24.348746,0.700205,6.130001,12.363058,0.000118,18.753929,10.379654,0.00324
723,0.707817,7.742868,25.455299,22.499012,0.766008,5.26048,14.845997,0.000112,18.890115,10.654394,0.002811
724,0.773067,7.165008,26.552754,21.529084,0.779384,5.693661,13.661153,9e-05,19.920237,10.781926,0.003571
725,0.734384,8.396691,25.574537,20.741455,0.776763,5.688294,16.915421,0.000151,19.089621,10.332196,0.002194
726,0.738729,8.619383,26.790799,22.848097,0.900051,6.449605,26.13594,0.000107,19.782022,10.855935,0.002679
727,0.764365,7.332802,28.227723,22.18928,0.704551,6.235155,21.112509,0.000121,19.054459,9.985429,0.002385
728,0.73696,7.222093,23.121091,22.029958,0.825381,5.761346,21.713963,0.000151,18.849232,10.816652,0.003349
729,0.757651,8.118007,24.165777,21.024468,0.730739,5.130679,15.720855,0.000126,19.06468,10.376563,0.00199
730,0.736566,8.085175,24.420788,22.235207,0.649667,6.272016,12.203545,0.00015,19.432698,9.897028,0.002948
731,0.77183,7.411901,27.06705,21.629016,0.668575,5.65309,23.139464,0.00014,19.269703,10.470165,0.003596
732,0.733682,9.012159,26.327373,23.363779,0.654674,5.846672,11.437785,9.1e-05,17.840911,10.186862,0.002306
733,0.746663,8.468666,26.764837,22.309434,0.835136,6.470287,18.834862,0.000153,18.968999,10.244151,0.003238
734,0.700831,7.64885,26.450918,22.632343,0.771749,6.865846,19.363181,0.000112,20.098966,10.8288,0.002789
735,0.713047,8.347666,23.088228,20.532816,0.866826,6.113708,20.371021,0.000216,18.720112,10.465933,0.002782
736,0.741832,8.182682,25.597592,19.960121,0.784163,5.916554,19.716205,0.000108,20.197348,10.098214,0.003197
737,0.776203,7.673245,25.028375,21.217777,0.640037,7.211453,18.837067,8.6e-05,19.313372,9.563576,0.003257
738,0.781817,7.557769,25.680549,20.182847,0.705328,6.147096,10.143015,0.000151,19.765124,10.857034,0.002689
739,0.755823,7.817445,26.278224,25.64475,0.816583,5.886689,14.890773,0.000187,18.402676,9.776898,0.002963
740,0.760797,7.124862,25.486153,23.330255,0.761231,6.649936,9.453953,0.000112,19.016135,10.895898,0.002594
741,0.762777,7.557939,24.444114,20.142962,0.73711,5.882828,8.930405,0.000164,19.843552,11.008198,0.004572
742,0.729392,6.793981,22.639711,22.480172,0.716391,6.140922,13.770919,0.000146,20.248232,10.348822,0.003819
743,0.755095,7.728436,24.796511,22.993848,0.837679,5.474217,20.785325,0.000192,18.841205,10.203043,0.003539
744,0.730148,7.942998,24.549961,22.439135,0.691116,5.497047,9.662055,0.0001,19.351027,10.19693,0.003024
745,0.762821,8.12821,25.61834,23.177133,0.774032,6.247281,21.569572,0.000137,18.868387,10.078438,0.002086
746,0.736136,8.051126,26.599025,23.492272,0.671893,6.627788,9.490035,9.4e-05,19.967055,10.226096,0.003782
747,0.764355,7.476121,26.318104,23.544004,0.952479,5.707152,18.296369,0.000121,18.694637,11.057381,0.003
748,0.743201,7.704913,23.671266,22.52547,0.827769,6.048788,18.673622,0.000146,19.054216,10.326834,0.003244
749,0.699791,7.922081,25.961884,21.490919,0.664197,6.954239,12.255729,0.000132,19.180289,10.523584,0.002898
750,0.76602,8.138607,23.612134,22.772766,0.850349,5.880077,21.480238,0.000132,18.980057,10.651292,0.002676
751,0.770716,8.048214,31.326272,25.276715,0.892536,6.016147,14.629717,0.000104,18.725486,11.029917,0.003289
752,0.793964,8.316773,28.699535,21.330436,0.73423,6.231994,17.511152,7.4e-05,19.328117,11.02593,0.002565
753,0.832946,7.309107,23.691909,22.23423,0.767306,7.297391,11.825117,0.000152,19.233239,10.434445,0.002737
754,0.747419,8.578702,24.380725,23.837041,0.749933,6.546854,12.325967,0.000149,19.037254,10.285018,0.002546
755,0.710568,8.553449,28.785839,20.663135,0.762917,5.537005,10.597787,9e-05,19.079352,9.964571,0.002702
756,0.752648,7.294853,24.599417,22.929295,0.810927,5.848346,19.498795,0.000112,19.82391,9.912043,0.002312
757,0.818592,8.214676,27.662611,21.713199,0.710201,5.645895,11.504339,0.000112,19.79081,10.17584,0.002281
758,0.794771,7.378065,26.94854,21.763499,0.660958,5.206675,19.180589,0.000156,19.675113,10.449529,0.003076
759,0.773974,7.102304,26.031611,23.030634,0.677458,5.915623,15.531113,0.000102,18.496608,10.504863,0.003921
760,0.755455,8.421675,25.839674,23.231142,0.803737,6.300945,9.079554,9.9e-05,18.690677,11.066216,0.002801
761,0.786172,7.683926,26.639664,24.023214,0.807996,5.423288,14.189712,0.000172,19.494654,10.25528,0.003589
762,0.742312,8.461396,25.710523,22.737818,0.6907,5.972301,23.206075,0.000127,18.823902,10.016395,0.003172
763,0.724212,7.887368,24.491952,21.328727,0.68911,6.153217,12.92345,0.000119,18.585097,9.415304,0.003391
764,0.743483,8.60223,26.341779,21.231587,0.641314,5.637417,18.896834,7.6e-05,19.200111,10.168733,0.003064
765,0.727567,9.044481,24.315094,21.07784,0.71601,7.241266,14.942021,0.000108,20.593977,10.748682,0.002415
766,0.742276,7.362589,27.540692,26.260747,0.822582,6.160602,17.158708,0.000159,19.444637,10.141163,0.002075
767,0.771937,7.928903,26.424918,20.659147,0.692752,5.485169,10.062838,8.2e-05,19.13528,10.359249,0.002765
768,0.815185,8.901379,25.673163,21.834586,0.605202,5.890278,7.362769,9e-05,18.889655,10.66036,0.002836
769,0.782597,7.971417,30.665195,21.157523,0.697028,5.562065,7.552794,0.000106,18.982781,10.26118,0.002914
770,0.71933,7.358321,23.762098,23.217826,0.774886,6.893784,6.607781,0.000183,19.256826,10.380599,0.002937
771,0.735688,8.26452,24.842137,23.253338,0.762147,5.879645,24.969624,0.000174,19.13907,10.749272,0.00224
772,0.72567,8.242757,27.69883,23.229157,0.710964,6.601337,11.741549,0.000118,20.037969,10.412235,0.003211
773,0.682991,7.977428,27.799471,20.738962,0.627591,5.919493,14.876959,0.00019,19.847364,10.597543,0.00334
774,0.793757,8.042077,24.118793,19.753286,0.684491,6.170359,17.451031,0.000122,18.78387,10.57416,0.002154
775,0.748941,7.470607,29.423723,21.394647,0.804598,6.677267,9.807586,0.000118,18.022569,9.845517,0.003036
776,0.692845,8.108678,25.588179,21.324801,0.761729,5.131551,19.308805,0.000112,20.201828,10.197732,0.00376
777,0.777425,8.759517,23.293601,21.841817,0.713273,5.526684,18.35177,8.5e-05,20.00667,10.083558,0.002339
778,0.755057,8.161952,28.547463,23.265239,0.702332,5.930285,12.957149,9.3e-05,19.862009,10.071035,0.002972
779,0.783464,7.707673,25.092575,22.25822,0.801695,5.664177,23.764643,8.4e-05,19.654221,10.282679,0.002907
780,0.741078,7.957711,26.382414,20.251887,0.771687,6.517889,12.291914,0.000117,19.733172,10.338094,0.00241
781,0.757136,8.367189,24.816772,19.689276,0.790103,6.762853,12.892342,0.000134,19.065825,10.660703,0.003173
782,0.799079,7.64143,26.66364,25.039505,0.943119,5.852434,11.832213,0.000133,19.336704,10.417784,0.0032
783,0.761375,8.124126,29.169368,23.348356,0.614079,6.23434,12.153426,0.000135,19.738909,10.314728,0.003519
784,0.752751,8.136128,24.237263,22.924418,0.817352,5.878108,11.190318,0.000109,20.57748,10.215915,0.002783
785,0.740548,7.365776,25.602644,21.840316,0.772243,5.892616,9.586605,0.00012,20.738216,10.125339,0.002335
786,0.754244,8.845301,27.790982,24.446536,0.666955,5.421185,23.445265,0.000153,18.38508,10.307166,0.003013
787,0.720729,7.781033,27.068077,22.691141,0.839078,7.159678,10.610718,0.000124,19.526725,10.005215,0.002543
788,0.713391,7.282399,25.942906,19.526087,0.705308,5.524144,13.276702,0.000156,19.538984,10.550832,0.00253
789,0.776658,6.26491,25.868624,22.525065,0.778456,6.449447,12.168721,0.000166,19.037586,10.630473,0.002705
790,0.788426,7.511218,27.433104,22.835925,0.711446,5.635022,19.252404,0.000116,20.463511,10.344159,0.002819
791,0.743611,9.015833,28.036725,22.021309,0.87603,5.926971,9.278681,0.000167,20.396358,10.640892,0.002856
792,0.750211,7.920474,26.359995,23.587133,0.867308,5.560259,20.571981,0.000134,19.805512,11.057566,0.003166
793,0.724808,8.16715,26.58164,22.491523,0.655005,6.968277,14.194037,8.9e-05,19.464529,10.427547,0.002554
794,0.752442,7.965596,26.243162,22.842415,0.820023,5.351351,13.337248,9.6e-05,20.05414,10.375479,0.003333
795,0.756816,8.454437,27.88378,23.093917,0.784635,6.420547,15.773117,0.000154,19.778187,10.549578,0.002767
796,0.79415,7.90399,26.467162,20.722741,0.859505,7.508289,12.978198,8.5e-05,19.769562,10.06003,0.003901
797,0.775485,8.176573,25.316587,24.527527,0.79643,6.258683,16.734275,0.000152,19.147714,10.536417,0.003422
798,0.859849,7.732788,23.132063,20.164782,0.81623,6.083965,15.493047,0.000178,20.037214,10.621711,0.002391
799,0.767664,7.479807,24.513395,22.234233,0.839911,5.451855,21.422015,0.000142,18.69884,10.59244,0.002867
800,0.735622,7.923318,25.905486,20.514034,0.716787,5.81609,17.864341,9e-05,19.141771,10.514706,0.003071
801,0.785715,8.101004,26.380306,24.38493,0.912645,5.396022,13.6934,0.000118,19.147023,10.421908,0.003632
802,0.763662,7.676145,27.365646,26.36632,0.715896,6.886671,13.395521,0.000105,20.720976,10.541715,0.002996
803,0.720367,7.943324,28.095857,21.982757,0.807042,5.528076,15.621861,0.000161,19.82244,10.378941,0.002095
804,0.741992,7.693801,26.225735,23.448858,0.604749,5.681125,20.7246,0.000126,19.156474,10.289572,0.002668
805,0.766011,8.351741,25.423855,21.371633,0.751566,5.981918,13.379682,9.4e-05,20.301961,10.132495,0.004041
806,0.745982,7.540714,24.980337,21.378765,0.724956,6.235386,20.805884,0.000125,18.28905,9.877928,0.002519
807,0.737745,8.183315,24.459981,22.740084,0.628141,5.328651,23.820086,8.8e-05,19.339085,10.81311,0.003628
808,0.855859,8.366675,26.997929,26.618459,0.637107,5.490521,11.385375,0.000133,19.317863,10.176832,0.002268
809,0.742544,8.083836,25.678144,21.272861,0.76028,6.555176,6.823309,9.7e-05,19.984867,10.838944,0.003408
810,0.763957,7.409869,25.048664,23.103463,0.637777,6.123688,11.160145,0.000125,20.543188,10.424096,0.003877
811,0.759366,7.624822,24.531392,22.740653,0.774669,5.284126,15.810053,0.000144,19.721938,9.946377,0.003024
812,0.719334,8.777997,25.376259,21.021471,0.735771,5.725823,15.151284,9.7e-05,19.843508,10.453953,0.002945
813,0.747744,8.902411,28.683728,19.682662,0.697686,6.436644,21.065496,9.5e-05,20.180173,10.188639,0.004473
814,0.757044,9.381181,27.474799,23.244146,0.67132,4.606417,10.465704,0.00011,19.789875,10.356595,0.003435
815,0.760899,8.245521,29.481516,19.633225,0.880053,6.043758,19.761549,0.000142,18.448983,10.852751,0.00257
816,0.783677,7.398825,27.625193,22.8766,0.769981,5.217213,11.31595,0.000115,19.915708,10.399914,0.003665
817,0.728874,7.773546,26.540399,21.525101,0.769542,5.358522,12.046005,0.000117,20.237235,10.965522,0.00372
818,0.742417,7.083919,26.494788,24.528262,0.768543,5.474035,10.540663,8.4e-05,19.051578,10.725617,0.00243
819,0.746923,8.170803,27.703975,22.188413,0.753073,5.340493,10.838007,0.000113,19.811573,10.615829,0.004363
820,0.756815,8.177997,26.860653,22.583814,0.856526,6.098105,12.708025,0.000146,20.262135,10.356354,0.002593
821,0.803647,7.734343,25.583396,21.97012,0.885035,6.583283,13.240978,0.000106,19.459089,9.746719,0.004099
822,0.74057,7.581992,25.363336,20.359844,0.921112,6.671034,13.93293,0.000141,18.632909,10.1855,0.00323
823,0.772528,7.55869,25.202799,23.183243,0.713792,5.867432,16.297038,0.000135,19.240468,9.938744,0.002356
824,0.738071,8.526969,25.610029,23.705238,0.656784,5.409095,20.621516,0.000163,20.63649,10.488955,0.002839
825,0.738879,7.437884,25.311825,21.033945,0.828456,5.275638,12.33688,0.000144,18.903034,10.719559,0.002355
826,0.675756,6.627613,22.824576,22.069917,0.812933,6.463644,14.059177,0.000179,18.90453,9.914384,0.004452
827,0.777621,8.091686,23.841891,21.496408,0.704142,5.680273,15.27707,0.000117,19.563941,10.422935,0.002735
828,0.760909,8.403124,23.972441,22.307954,0.713035,6.040526,14.806239,7.6e-05,20.189483,10.399676,0.003375
829,0.797857,7.208227,25.336084,23.551995,0.746013,6.059062,13.389695,0.000141,19.563968,9.742698,0.003116
830,0.752234,7.42013,24.674861,23.886228,0.947067,6.089354,35.967925,0.000143,19.67574,10.201017,0.003947
831,0.736989,7.509042,26.650697,24.43495,0.781681,5.987194,13.414069,0.000131,20.91558,11.20016,0.003261
832,0.782064,9.052061,27.607423,22.675549,0.864016,5.848981,9.207025,0.000123,19.084633,9.820489,0.002984
833,0.81155,7.746179,26.651697,25.293434,0.713862,5.901754,26.033919,0.000111,19.997146,10.498617,0.002545
834,0.790394,6.882317,26.117323,22.166121,0.766065,5.147879,10.516171,9e-05,20.69832,10.029678,0.003653
835,0.783744,8.366323,23.029079,21.99584,0.727288,6.739569,10.307664,0.000125,18.759758,10.897143,0.00361
836,0.745016,8.307662,27.476322,22.268102,0.588096,5.972857,17.162073,0.0001,19.011479,10.424859,0.002834
837,0.718019,7.378233,27.079376,21.574501,0.625368,6.046656,21.313438,0.000127,18.697025,10.722434,0.002648
838,0.778376,7.440578,24.339083,20.759933,0.601483,5.048749,10.263841,0.000127,19.02243,9.871221,0.002808
839,0.749075,8.207513,22.760204,22.444463,0.778869,6.777068,12.841403,0.000152,19.890139,9.968061,0.003646
840,0.780322,9.185245,27.669027,22.568055,0.638659,5.362656,20.741232,0.00012,18.601743,9.76821,0.003621
841,0.757496,8.640776,25.314311,20.467878,0.639205,5.662665,12.917474,0.000124,20.023504,10.225187,0.002161
842,0.690199,7.291001,24.36041,21.323323,0.70268,5.376351,13.652258,0.000183,20.024336,10.661268,0.002232
843,0.728163,7.955518,25.819577,20.981122,0.829191,6.576627,13.130766,9.2e-05,18.592591,10.441267,0.003127
844,0.769378,8.499597,26.161899,23.010846,0.762143,5.936935,25.90625,7.1e-05,18.767691,11.091709,0.002962
845,0.765301,7.426177,27.302217,20.224964,0.780289,5.45605,19.021513,9.6e-05,18.463151,10.214217,0.00265
846,0.708478,8.141148,23.571189,21.803453,0.801255,7.101551,14.691459,0.000151,20.04138,10.448562,0.003533
847,0.698693,8.231531,28.076022,22.316689,0.650525,5.434666,18.340355,0.000108,19.006574,9.90965,0.002683
848,0.751081,8.069133,25.522231,22.754813,0.779185,4.95304,13.142145,0.000126,19.04459,10.36769,0.002777
849,0.697179,9.465027,26.243468,22.688315,0.747295,5.640259,14.393608,0.000116,19.767862,10.515536,0.002828
850,0.728499,8.513096,26.179341,21.407889,0.892055,7.642628,12.908009,0.000125,18.994846,10.002096,0.003238
851,0.779347,8.663014,26.865831,21.35374,0.697442,6.284073,14.930366,9e-05,19.671658,10.294348,0.002685
852,0.765689,8.334176,25.487141,20.335993,0.810948,6.189713,14.876511,0.000132,19.442396,10.211064,0.002843
853,0.73133,8.129433,27.529207,22.691446,0.663897,6.295737,10.26012,0.000134,19.397629,10.396734,0.002606
854,0.691386,7.972303,26.895032,20.716671,0.831512,6.907022,11.945068,0.000111,19.338043,10.413249,0.003506
855,0.775367,8.222966,22.346292,20.540666,0.877937,6.162747,11.28179,0.0001,19.082763,10.428802,0.003741
856,0.763312,8.711123,24.308193,21.077649,0.699541,6.675951,12.78756,0.000117,18.862629,9.897415,0.002867
857,0.761754,7.864806,25.590374,21.122791,0.67017,5.935534,17.518273,0.000127,18.990507,10.303865,0.003134
858,0.768074,7.416781,26.047648,22.751945,0.6943,5.466054,11.628596,0.0001,20.328369,10.3395,0.00355
859,0.779653,7.888409,25.567607,23.191902,0.775407,5.795259,17.221555,0.000121,19.993321,10.136781,0.003992
860,0.755443,8.26023,26.36062,21.252521,0.71866,5.292264,12.765839,9.7e-05,19.070118,10.105774,0.00155
861,0.710857,8.031706,23.433806,24.141685,0.773743,6.483207,16.744154,0.000121,20.290853,10.160896,0.003805
862,0.757945,7.50675,27.527898,23.019688,0.773041,6.422199,14.474122,0.000123,18.452306,9.602497,0.002607
863,0.794462,8.019795,27.282914,22.786288,0.708422,6.184595,16.535319,0.000112,18.715331,10.261882,0.002736
864,0.786626,7.234514,26.462714,21.688116,0.76102,4.995371,18.614654,0.000129,19.728725,10.478832,0.004476
865,0.759464,8.280839,21.740471,22.379995,0.726485,6.589235,15.026205,0.000128,18.57012,10.177223,0.002323
866,0.771529,8.643116,28.834728,24.492027,0.65586,6.450349,25.353902,0.000102,19.532538,10.156626,0.002825
867,0.709755,7.854814,26.791862,24.287166,0.743159,6.070897,13.83989,0.000116,19.821897,9.99654,0.003767
868,0.753178,7.846135,25.132943,22.053659,0.717478,6.03688,10.537703,0.000119,19.590196,10.358276,0.00386
869,0.720074,8.23388,27.041377,20.696656,0.580968,6.369339,15.415105,0.000102,18.551227,9.876343,0.002093
870,0.746163,7.505723,25.985217,21.173,0.671996,6.98787,18.627234,0.000139,19.541197,10.445051,0.00243
871,0.71288,8.968062,24.522373,22.351603,0.731273,5.452786,9.747003,0.000102,19.985784,9.631213,0.002995
872,0.740134,8.332182,25.39281,21.461281,0.690044,6.31795,14.199867,0.000121,20.117159,10.137625,0.003017
873,0.797492,7.253524,26.514662,21.516956,0.780242,6.367152,19.516283,0.000132,19.10215,10.187685,0.003287
874,0.728663,7.299417,28.680778,22.41954,0.781599,6.023952,13.699107,0.000157,20.699692,11.145102,0.00269
875,0.776104,7.688469,25.099748,21.196546,0.811049,5.413956,21.429507,0.000118,20.241207,10.939753,0.003643
876,0.763422,7.227936,22.511404,21.188181,0.825397,6.880612,11.21338,9.8e-05,19.501363,10.507114,0.001882
877,0.799987,8.552784,28.75214,24.091881,0.664548,5.62043,20.156569,9.7e-05,18.607815,9.423981,0.002914
878,0.76319,7.712131,26.118295,20.002126,0.719341,6.45327,8.591033,0.00011,19.563513,10.677779,0.004265
879,0.706648,9.042998,26.373534,20.461032,0.787288,6.294517,17.551092,0.00011,19.30718,9.9614,0.00248
880,0.775917,8.635275,25.953785,22.622976,0.841832,6.42031,8.552493,0.000139,19.319508,10.373474,0.003896
881,0.724108,7.706874,26.96739,23.222436,0.740379,5.610478,16.131292,6.2e-05,17.854214,10.104737,0.002888
882,0.730878,7.811849,26.953831,21.729834,0.749835,5.747624,13.608374,0.000162,20.215311,10.548075,0.00431
883,0.711623,8.588616,23.895035,23.316973,0.859312,5.644825,14.688852,0.000108,18.588152,10.376377,0.002297
884,0.763848,7.498887,24.434605,21.40092,0.766897,5.934634,11.405367,0.000138,19.448202,9.754389,0.003867
885,0.782337,7.523425,24.599566,20.802957,0.900093,6.071033,8.918856,0.000111,19.817121,10.763485,0.00435
886,0.746587,7.37552,28.547939,19.465959,0.755822,5.631252,11.1814,0.00011,18.452508,10.005408,0.003183
887,0.682924,6.642153,25.501666,24.579141,0.78754,5.484937,17.572462,0.000154,19.080402,10.026548,0.003251
888,0.752963,8.12499,26.947179,22.20238,0.738547,5.617056,7.437679,0.000115,18.204234,10.084381,0.003342
889,0.75606,7.77875,26.155804,23.28256,0.710221,6.643885,17.962741,0.0001,19.296231,10.216835,0.003349
890,0.722038,7.604326,25.152872,22.739463,0.755572,5.383761,6.527946,0.000154,19.341163,10.471913,0.001877
891,0.778534,7.221655,25.40175,19.56632,0.846151,6.588148,15.209687,0.000119,19.795757,10.819371,0.002194
892,0.771314,8.701563,24.603102,21.852716,0.653526,5.433118,11.926173,0.000133,19.159345,10.303716,0.003903
893,0.756067,8.196499,25.301225,21.723821,0.70138,5.713593,16.256681,0.000113,19.132817,11.319257,0.003339
894,0.73545,9.388945,25.748322,22.91436,0.717566,5.111968,22.864973,8.6e-05,19.741546,10.118418,0.002861
895,0.72972,9.23714,26.647138,21.177821,0.813501,5.48029,19.029844,9e-05,19.905826,9.642286,0.00217
896,0.746645,7.392406,25.147245,24.138679,0.76837,5.431366,14.279104,9.8e-05,19.509049,10.748162,0.002664
897,0.788375,8.785164,25.803734,22.793443,0.704954,4.857727,19.175023,8.1e-05,19.223889,10.560001,0.002165
898,0.742445,7.186529,25.198375,22.206485,0.672637,6.274686,14.115295,0.000156,19.759546,10.09883,0.002202
899,0.708263,7.312322,27.420567,23.122503,0.692023,6.756697,15.56388,0.000105,19.804361,10.685078,0.002633
900,0.763405,8.423912,25.562368,24.884074,0.661258,5.408191,17.504782,0.000121,18.93536,10.605545,0.003106
901,0.783863,8.465011,27.727584,20.842358,0.739945,5.694742,13.993456,0.000106,19.736394,9.847981,0.002617
902,0.742206,8.489466,25.197625,20.630673,0.754634,5.288447,12.10352,8.3e-05,19.4132,10.062383,0.003216
903,0.770224,7.72826,24.650086,22.897749,0.895455,6.078461,16.25439,0.000154,19.496062,10.639419,0.00213
904,0.700285,6.711801,26.374324,22.165479,0.707539,6.120469,6.936604,0.00019,20.332557,10.567197,0.003864
905,0.759698,7.429544,26.360988,21.474601,0.675285,6.121368,12.89122,0.00013,20.373741,9.846133,0.003183
906,0.787862,9.331306,25.625159,24.14229,0.635735,6.545871,11.614585,9.9e-05,18.775041,10.491414,0.00278
907,0.712416,8.171126,25.43799,20.526664,0.888133,6.109481,12.177871,0.000101,19.402007,10.24121,0.002597
908,0.761772,7.174427,25.1867,21.382524,0.697846,5.472199,25.204046,0.000144,19.348604,10.266765,0.004367
909,0.780574,8.17915,26.317135,21.438002,0.78026,6.57698,13.70781,0.000108,19.017765,10.100327,0.003454
910,0.754518,8.031311,28.420071,22.531427,0.748798,5.979678,10.145508,0.000177,19.411611,9.768497,0.002749
911,0.703146,7.536963,25.099084,23.539119,0.812735,5.683759,9.35131,0.000121,19.043277,9.802594,0.003668
912,0.730444,9.626518,26.925954,22.151887,0.800019,5.470154,12.375191,0.000105,19.519757,10.773685,0.002937
913,0.801504,8.523199,25.077727,23.18634,0.770237,7.050674,13.046828,0.000153,19.12213,10.711806,0.004204
914,0.773537,7.885139,26.154506,21.630161,0.901057,6.46122,14.676576,0.000163,19.016661,9.298653,0.002852
915,0.743483,7.140553,25.568473,22.473215,0.74241,6.377167,13.985868,0.000141,19.049959,9.69778,0.002724
916,0.702322,7.582837,24.794237,21.30173,0.690638,6.155861,19.88776,0.000118,20.374586,10.700197,0.004049
917,0.730963,7.286349,22.868685,21.057323,0.940385,6.320678,11.859768,0.000122,19.023022,10.414431,0.002992
918,0.713576,7.540055,26.451171,21.327203,0.813316,5.917824,12.496244,0.00011,18.92552,10.581834,0.005074
919,0.721615,8.134081,25.073221,21.556975,0.707493,6.405177,14.608745,0.000125,19.15806,10.356872,0.00174
920,0.706755,6.82923,27.949061,25.121565,0.740895,5.99442,18.434756,0.000118,19.748561,10.090487,0.003578
921,0.795419,9.655596,26.376182,23.840653,0.608785,6.466083,11.280792,0.000112,19.955042,10.748253,0.004222
922,0.789205,7.890474,25.803351,22.34393,0.640694,5.706506,14.40411,0.000113,18.896914,10.570143,0.002613
923,0.742795,8.961569,27.278669,24.116016,0.688013,5.926555,14.229858,8.5e-05,19.112117,11.961823,0.003028
924,0.729701,7.116923,24.677151,23.600283,0.684065,5.813644,14.401959,0.000141,20.971148,10.332583,0.002281
925,0.7467,8.07682,27.964803,22.734841,0.610743,5.627091,15.665713,0.000118,20.49355,10.32465,0.003642
926,0.760595,8.291545,26.354543,21.748936,0.77734,6.102922,13.723955,0.000115,18.926806,10.360591,0.002943
927,0.714614,8.405394,28.707993,25.900813,0.669749,5.503822,15.287439,9.4e-05,19.680551,10.217139,0.003171
928,0.7331,8.678543,28.179522,20.737538,0.72232,6.175115,16.555023,0.000124,19.095229,11.179552,0.00331
929,0.756061,8.014837,24.853501,21.97332,0.725425,6.135175,10.408228,0.000133,19.748161,9.864915,0.003204
930,0.770911,8.423101,27.109079,25.711936,0.628582,5.561733,20.768312,0.000133,19.480724,10.281744,0.002689
931,0.780141,8.711123,26.499427,22.912855,0.618076,5.31667,25.029973,0.00011,18.961415,10.208529,0.003078
932,0.769319,7.806898,27.524182,21.509015,0.744634,5.161361,13.767476,0.000118,19.457363,10.045754,0.002616
933,0.792024,8.147633,25.160596,23.488181,0.854624,5.975406,17.313402,7e-05,18.950754,9.913524,0.003166
934,0.784981,6.781497,22.993339,20.80491,0.974249,6.597774,30.204871,7.2e-05,18.253172,9.93478,0.003865
935,0.740823,7.913502,26.302643,21.943397,0.660458,5.736993,14.4339,9.7e-05,19.103901,10.756118,0.004562
936,0.766956,8.552753,27.432565,22.661111,0.65104,5.379209,9.830627,0.000105,19.275246,10.780758,0.002121
937,0.757473,8.126803,28.312453,24.071068,0.739556,5.388181,10.099849,0.000156,18.842447,10.263514,0.003045
938,0.725797,6.658513,25.393374,25.152088,0.738752,5.604748,13.512595,0.000196,19.034382,11.37216,0.003114
939,0.7235,8.706057,26.225104,20.453797,0.726733,5.927832,9.019428,0.000116,19.19167,9.77161,0.002192
940,0.716167,7.589088,24.121594,23.087204,0.931702,6.737958,9.283636,0.000132,18.825694,11.364402,0.004645
941,0.74491,8.970774,25.01728,22.905703,0.853377,5.676657,22.811246,8.3e-05,19.95746,11.113563,0.004124
942,0.755888,8.219449,25.754559,20.49882,0.77584,6.917259,14.738068,0.0001,19.493362,10.388775,0.003143
943,0.817005,7.969454,26.39628,22.352416,0.812872,6.636677,8.503058,0.00011,19.106588,10.676123,0.002699
944,0.784501,9.243183,26.977222,22.650682,0.846674,6.771533,8.558082,0.000129,19.345706,10.663534,0.002906
945,0.727409,7.566509,25.683074,21.956565,0.949357,5.390852,16.539968,0.000126,19.198965,10.092945,0.001953
946,0.794848,8.058299,28.537641,23.98355,0.613901,5.791374,17.744366,0.000125,20.146592,9.451988,0.002984
947,0.741508,8.400256,28.180453,23.87988,0.639314,6.313686,21.754761,0.00012,19.758751,10.369413,0.003214
948,0.771803,7.166326,26.30755,23.906382,0.741627,6.026665,12.45315,0.00013,19.991988,9.813859,0.003677
949,0.713777,7.670343,25.417719,24.226732,0.801659,5.442415,14.399424,0.000125,19.729709,10.034974,0.00291
950,0.734843,8.537574,27.641957,22.874597,0.703376,5.649527,8.776837,0.000134,19.334773,10.738668,0.002593
951,0.740729,7.447524,22.750589,21.86225,0.755813,5.866136,15.924596,0.000129,19.633399,10.623986,0.00205
952,0.742644,7.923911,28.361565,23.102396,0.964217,6.74733,15.3244,0.000115,19.300442,11.494316,0.003842
953,0.77866,8.129471,28.303264,25.205899,0.802932,6.661977,15.316921,0.000161,19.511959,10.043233,0.002738
954,0.748321,7.427596,25.168919,22.083853,0.880051,6.226156,20.244843,0.000134,19.457133,10.178127,0.002758
955,0.758193,8.185651,25.446276,22.357341,0.867013,5.627306,13.283154,0.000151,20.444702,10.653009,0.002611
956,0.738203,7.231304,23.428922,19.868717,0.669733,5.929215,24.39929,0.000135,21.044064,9.879147,0.001763
957,0.737153,7.720357,24.952751,22.27621,0.667797,6.457098,14.92095,0.000101,19.391822,9.937783,0.003092
958,0.761145,7.087643,25.357448,21.538191,0.82663,7.057205,8.180879,0.000124,20.075965,10.239357,0.003775
959,0.771615,8.715338,23.770509,21.688656,0.7332,6.602135,19.074059,0.000126,19.246844,9.853278,0.005174
960,0.723505,7.004862,25.161303,21.541207,0.972594,6.342326,19.378106,0.000116,19.531071,10.640337,0.003512
961,0.746775,8.246129,26.100456,22.65877,0.770365,6.120318,11.182181,9e-05,18.864826,10.723219,0.003039
962,0.734636,7.461477,27.376217,20.333607,0.732273,6.172145,19.429447,0.000153,19.918513,10.287792,0.003346
963,0.775329,8.358343,27.73335,22.774294,0.691657,6.300112,10.867033,0.000136,18.958866,9.832098,0.003327
964,0.7124,7.916035,28.116601,23.107208,0.677482,6.912999,18.298136,9e-05,19.636232,10.360295,0.003666
965,0.709109,8.364504,24.174451,20.472247,0.793007,6.251416,11.54512,0.000131,19.761392,10.824628,0.002871
966,0.692669,7.045062,25.763154,22.06472,0.817356,6.509508,19.895573,0.000148,20.65485,10.055421,0.00299
967,0.743728,7.362089,23.502936,20.961457,0.788027,6.057552,14.91676,0.000134,18.736753,9.780176,0.002447
968,0.786688,7.979309,26.836998,24.063658,0.907005,6.324801,15.308171,0.000138,18.977277,10.257988,0.003046
969,0.743414,7.568801,25.193918,20.22762,0.862345,5.835428,13.606218,0.000128,18.82957,10.878577,0.003419
970,0.789369,7.318325,22.615049,21.623832,0.819334,5.903681,8.882086,0.000159,19.066911,10.585048,0.003901
971,0.742062,7.350331,25.823196,22.273976,0.854919,7.483692,16.618041,0.00014,19.2686,10.508019,0.002115
972,0.781746,8.640932,26.521676,22.349428,0.824118,6.319107,16.21568,0.000214,18.36429,11.059151,0.003064
973,0.707378,8.097696,25.652334,20.687188,0.605929,5.657,17.193537,0.000124,19.2955,10.088673,0.003103
974,0.744101,8.036689,27.561416,23.486565,0.840408,5.56489,15.257533,0.000115,19.393596,10.313018,0.002825
975,0.758675,7.110004,22.229719,22.469772,0.753321,5.662277,13.85723,0.000186,20.242695,10.6277,0.003682
976,0.770863,7.608872,23.218415,19.610991,0.736682,5.981643,10.797465,0.000152,19.705861,10.352581,0.001964
977,0.777327,7.390976,24.010092,22.8984,0.75769,5.437929,17.912229,0.000105,19.83215,10.12411,0.00251
978,0.746071,8.597802,28.275802,22.229955,0.721398,5.51197,16.239768,0.000139,19.76954,10.604019,0.00296
979,0.716651,8.230197,28.40556,19.407607,0.910964,5.626602,13.708015,7.8e-05,19.494977,10.234994,0.003985
980,0.783068,8.085686,25.319969,21.454566,0.776839,5.971692,26.028462,0.000127,19.579747,10.099232,0.002534
981,0.736633,7.902749,28.127349,22.548766,0.650362,5.532572,13.527896,0.00012,19.554789,10.746543,0.002204
982,0.749712,6.931354,26.515163,20.597448,0.782184,6.595283,15.894529,0.00012,19.848646,10.386613,0.00289
983,0.779394,8.335107,24.833231,21.587763,0.745806,5.650955,16.163899,9.6e-05,19.450401,10.650881,0.002134
984,0.7304,7.970246,27.62943,22.620366,0.715487,5.472925,14.181165,0.00013,19.421803,10.412162,0.003042
985,0.739889,6.474555,22.345587,23.938051,0.847312,5.619603,17.410169,0.000152,18.807969,10.476175,0.003178
986,0.730239,7.744203,27.249889,20.651293,0.698601,6.555976,13.956516,9.3e-05,19.371473,10.43701,0.003102
987,0.723744,7.670153,25.570416,20.147877,0.752665,5.773316,10.792111,0.000149,19.15115,10.405899,0.003073
988,0.751751,8.087355,25.580748,21.241124,0.79025,6.016453,13.460355,0.000125,20.149308,10.448478,0.002944
989,0.732399,8.011645,25.107485,22.617304,0.805279,6.084206,14.854409,0.000156,19.690677,9.506858,0.002108
990,0.744406,7.476453,25.365369,22.935137,0.825343,6.273253,24.418408,8.9e-05,19.739307,10.216602,0.002801
991,0.744465,8.440458,27.325157,21.986265,0.602002,5.572813,12.586759,0.000106,18.63626,9.414214,0.003418
992,0.778436,7.983435,24.907772,22.717054,1.039529,5.467043,22.813638,0.000171,19.106283,10.586173,0.002985
993,0.721958,7.71039,23.523593,19.223033,0.76988,7.395711,12.068425,0.000107,21.746246,10.085111,0.003212
994,0.759439,8.189865,26.157392,23.031326,0.832808,5.651627,11.111643,0.000147,19.408184,10.883995,0.00255
995,0.759823,9.052609,25.627401,21.529164,0.690005,5.731962,14.261319,0.00013,19.222216,10.012806,0.002295
996,0.721135,8.497972,23.847413,22.620346,0.611969,5.732647,15.391309,0.00012,18.658043,9.690848,0.003382
997,0.779121,7.101493,24.389836,22.041767,0.807477,5.999013,26.636124,0.00018,19.217681,11.206737,0.003569
998,0.775189,8.324971,27.735052,22.642495,0.538404,6.231335,8.443165,0.000131,20.632734,10.494891,0.00274
999,0.701664,8.265095,24.43888,21.316596,0.838652,5.573023,12.680007,0.00019,18.315387,10.029248,0.002653
1000,0.837242,7.149742,26.615363,24.102056,0.732662,5.431147,9.906918,0.000118,20.332751,10.236301,0.002876
1001,0.734748,8.125844,27.094733,24.017127,0.724801,5.189747,11.483871,0.000106,19.465162,10.388965,0.004529
1002,0.7476,8.596932,26.841232,20.928538,0.858061,6.731586,12.234791,9.4e-05,18.588309,11.3444,0.002562
1003,0.757989,7.090645,24.768562,20.139332,0.741362,5.915285,13.72833,0.000106,19.581651,10.455715,0.002903
1004,0.762922,8.810248,25.796657,23.127543,0.752684,5.718266,12.676394,0.000106,19.424914,9.894537,0.00253
1005,0.722883,7.466586,24.106345,20.758767,0.739736,5.049467,17.616697,0.000136,19.167373,10.788327,0.003248
1006,0.762633,7.762012,24.281077,22.695213,0.823629,6.028164,19.448635,0.00012,19.578187,10.446931,0.003059
1007,0.718264,7.600989,24.332261,21.546862,0.750796,6.394521,11.170987,0.000131,19.441063,10.280554,0.002519
1008,0.796721,8.38574,23.502928,20.303468,0.682908,6.168503,12.53585,0.0001,19.635392,10.765024,0.002681
1009,0.70516,8.2558,28.560227,20.538848,0.711246,7.047505,11.35237,9.2e-05,19.097344,11.115771,0.002396
1010,0.733728,7.453949,30.116748,24.500395,0.791203,5.610042,12.813197,0.000153,19.232585,10.385855,0.004238
1011,0.700765,8.264115,27.473699,26.00594,0.699823,6.321185,13.607975,0.000181,19.793112,10.11078,0.003156
1012,0.671375,8.120998,25.86407,21.541983,0.770028,5.273732,18.936367,0.000139,19.810864,10.147731,0.002947
1013,0.826703,8.136788,25.530826,22.034277,0.650239,6.180887,9.790109,0.000129,19.562692,9.596388,0.003563
1014,0.755252,7.440931,26.824261,22.166067,0.6983,6.078825,13.481421,0.000143,19.290466,10.053959,0.003221
1015,0.798641,7.91661,26.141048,25.462691,0.842716,5.756637,10.294294,9.4e-05,19.494862,10.034227,0.00173
1016,0.744263,7.909675,22.96914,20.826026,0.671244,6.90628,13.820403,0.000108,19.874358,10.262611,0.002666
1017,0.767108,7.565812,26.461081,21.563983,0.683995,6.983502,13.614381,6.9e-05,19.736359,10.479566,0.002788
1018,0.738529,6.863636,25.432971,23.639415,0.807061,5.683915,7.557666,0.000143,18.798487,10.187952,0.002319
1019,0.814693,7.378949,24.354187,20.979363,0.758746,6.705977,16.646449,0.0001,18.782151,10.089142,0.002935
1020,0.777911,7.860031,24.677649,21.249789,0.659336,6.445552,13.227137,0.000109,19.554263,10.932336,0.002794
1021,0.745649,8.27196,25.186366,22.981053,0.608149,5.475824,13.610318,0.000171,19.991095,11.091591,0.002205
1022,0.74041,7.371947,26.318974,21.412147,0.737408,6.526109,9.678722,0.000112,19.161906,10.34644,0.002662
1023,0.75344,7.622188,25.485384,19.876542,0.771077,5.743211,16.380415,0.000116,20.069293,10.561627,0.003099
1024,0.803357,7.194591,25.605572,21.830765,0.640786,5.554984,6.522917,0.000113,18.864341,10.189807,0.003076
1025,0.744407,7.442493,31.205444,23.354815,0.738767,5.7573,13.055942,0.000159,19.397077,10.430984,0.003143
1026,0.744469,7.761988,26.278631,19.959153,0.710259,6.2034,14.575055,0.000155,19.589964,10.363563,0.002226
1027,0.772574,8.987549,26.294872,21.331492,0.70335,5.639199,15.685609,0.000123,20.196022,10.503591,0.003665
1028,0.719552,7.62038,26.421879,21.377175,0.767849,6.629017,15.2259,8.8e-05,20.206054,10.100393,0.003706
1029,0.786604,7.329412,26.061399,22.857335,0.699793,6.446154,18.363978,0.000159,18.501873,10.143549,0.002736
1030,0.685324,8.314562,25.634766,22.619364,0.656015,6.398395,16.185263,0.000132,19.326313,9.846508,0.00229
1031,0.7323,8.466221,26.224148,24.627163,0.806996,5.679448,13.695391,0.000117,19.222084,10.271071,0.002374
1032,0.740655,8.225603,23.156035,22.18115,0.809743,4.898304,13.152463,0.000131,21.159261,10.366868,0.003761
1033,0.787002,7.849077,25.086727,21.836895,0.78366,5.359649,21.276017,0.000114,19.528055,9.85782,0.002181
1034,0.704688,8.355476,27.91283,25.435766,0.617347,4.750908,16.730478,9.5e-05,18.707621,10.753838,0.003466
1035,0.757568,6.946685,26.831352,22.255744,0.741809,5.892052,16.093664,9.4e-05,19.161074,9.798996,0.002241
1036,0.748704,7.451256,26.234413,22.998866,0.58065,5.928933,13.589717,0.000101,19.374614,10.335745,0.00234
1037,0.768151,8.156177,28.125265,24.189649,0.717879,5.963732,12.394285,0.00017,19.914584,10.041991,0.002887
1038,0.741063,7.862595,24.511473,22.478523,0.748362,5.943124,9.687543,0.000179,20.377445,10.909836,0.003045
1039,0.752453,7.619974,26.92878,24.671023,0.636355,6.403723,11.260037,0.000105,20.006437,10.742313,0.003438
1040,0.82148,7.472927,25.645849,21.140582,0.679168,6.570351,9.604888,0.000116,19.928182,10.95722,0.003132
1041,0.769445,9.169094,27.505277,21.798334,0.674405,5.894903,12.295501,7.7e-05,20.337128,11.006213,0.003598
1042,0.752806,7.743021,22.365839,23.681198,0.6336,6.153489,12.186455,0.000137,18.714158,10.861654,0.003659
1043,0.76266,8.252809,24.46457,22.451181,0.72548,5.998925,13.693552,0.00011,19.642451,10.382961,0.003492
1044,0.717419,7.375894,25.232862,20.748089,0.840646,5.886212,25.693118,0.000113,19.025734,9.650264,0.002018
1045,0.733454,6.737223,27.012105,25.4711,0.795995,5.683478,20.643757,0.000155,19.255938,10.447562,0.002482
1046,0.730384,7.518263,27.997904,21.583065,0.804416,6.465697,18.585335,0.000118,19.622004,10.413409,0.002839
1047,0.714113,7.960436,26.450458,23.536436,0.850489,6.072336,13.223399,0.000117,19.266018,10.600457,0.002199
1048,0.754207,7.55154,25.336691,22.662207,0.670557,5.993423,16.267914,0.000116,20.041445,10.69431,0.003369
1049,0.752153,7.848728,26.580998,21.35025,0.803475,6.668229,12.236456,0.000126,19.602534,10.383828,0.002847
1050,0.731696,7.069076,24.581202,22.008308,0.536286,6.737613,10.183805,0.000151,19.617407,9.655245,0.003217
1051,0.772646,8.149298,29.344342,22.854313,0.743898,5.828655,14.183696,0.000114,19.098044,10.078813,0.003067
1052,0.745057,8.229255,25.178824,21.129103,0.710439,5.373889,18.446652,0.000114,19.215236,10.377301,0.002497
1053,0.747817,8.372733,24.459092,22.398376,0.85807,5.180675,14.564158,0.000105,18.895753,10.504807,0.003513
1054,0.704009,8.563327,25.620755,23.269267,0.798843,5.764915,15.806018,0.000112,19.111294,10.161829,0.004239
1055,0.736564,7.753822,25.700607,18.79921,0.748157,6.216654,13.344445,0.000124,19.831476,9.57109,0.003166
1056,0.735371,7.415641,25.507998,24.540116,0.685781,5.599252,12.675245,0.000131,18.93804,10.561053,0.002657
1057,0.790039,8.958468,27.019023,25.343138,0.635988,5.59674,17.438538,0.00011,18.339336,10.298644,0.00272
1058,0.741799,7.428357,26.415766,21.189063,0.732103,5.686841,16.396653,0.000131,20.171706,9.704388,0.004205
1059,0.801185,7.381577,25.368817,22.643566,0.862126,5.807103,13.911685,0.0001,20.443956,10.45067,0.003409
1060,0.818374,8.276993,25.539665,22.917517,0.819334,5.712822,14.126408,0.000119,20.482859,10.064253,0.003151
1061,0.71674,8.18303,26.647398,23.675677,0.720689,6.101095,15.187482,0.000141,19.353346,10.754692,0.00321
1062,0.703821,8.533763,26.750204,23.512677,0.679225,5.418078,17.493237,0.000147,18.586929,11.077601,0.003157
1063,0.730594,7.965232,25.932552,19.986497,0.652081,5.296737,18.693291,0.000146,19.309204,10.28883,0.003852
1064,0.752165,7.23015,23.932181,21.262205,0.936467,5.599279,10.766224,0.000126,19.741351,10.062946,0.004337
1065,0.748937,8.008555,24.640664,19.359116,0.667939,5.794611,13.646573,0.000153,18.712553,10.052172,0.003124
1066,0.784982,7.686436,26.841221,22.872625,0.731019,6.077248,18.919878,0.000135,20.329027,10.533357,0.002481
1067,0.718877,8.490858,25.724222,22.009813,0.982899,7.021771,13.124402,0.000152,19.775221,10.159914,0.002745
1068,0.743594,7.946656,24.772538,21.953779,0.768306,6.064775,12.597358,9.7e-05,18.541128,10.7782,0.002693
1069,0.769072,8.609101,24.819215,23.231496,0.64418,6.280214,12.446252,0.000121,18.5022,10.317214,0.002325
1070,0.712352,9.102575,23.422203,23.085025,0.90543,6.327964,17.519056,0.000101,19.645048,10.2901,0.002814
1071,0.748135,8.464306,27.045804,23.085611,0.645307,6.064637,13.064853,0.000105,20.346257,10.013594,0.002646
1072,0.776706,8.511387,26.110249,23.646262,0.71591,5.635628,15.653946,0.000155,19.683122,10.573677,0.003129
1073,0.691585,8.055874,28.061981,20.243456,0.799122,6.333598,12.829673,0.000149,19.794409,10.523386,0.002964
1074,0.762633,8.160756,21.501952,22.636368,0.686167,5.530876,13.678761,0.000165,20.011945,10.146923,0.002861
1075,0.754683,8.089391,24.659341,21.008548,0.840719,5.361572,20.4205,0.000121,19.97133,10.18719,0.002462
1076,0.781168,8.636996,26.744394,21.023205,0.847669,5.692604,18.686789,0.000164,19.198811,10.301726,0.00253
1077,0.734258,7.476177,21.906192,21.376185,1.048687,5.915496,11.380735,0.000131,19.45946,10.865121,0.003051
1078,0.737158,8.318652,27.438002,22.482026,0.732232,6.419543,13.380319,0.000165,20.410306,10.081528,0.002186
1079,0.77272,8.783291,25.662782,21.770425,0.75568,5.916813,16.590844,0.000107,19.597221,10.097131,0.003054
1080,0.758706,8.071578,27.352585,21.380631,0.855863,6.179706,27.518297,0.000119,19.5884,10.358942,0.002577
1081,0.752781,7.869034,24.05018,23.853661,0.666787,4.970048,15.673778,0.000181,19.658542,10.815549,0.003143
1082,0.736646,6.929755,25.64484,21.217171,0.804025,5.923691,14.93851,0.00015,19.448513,10.356291,0.001944
1083,0.729068,7.880491,23.665101,22.17228,0.679402,6.342589,16.524647,0.000132,19.122343,9.664942,0.002194
1084,0.749573,8.041022,23.791625,21.974431,0.802079,6.135233,13.131081,0.000121,18.964628,11.104376,0.002977
1085,0.774943,6.865053,26.175423,22.154111,0.806177,5.801485,8.16193,0.000118,19.669149,9.842688,0.003041
1086,0.708645,7.87924,23.875408,22.143171,0.701592,6.400068,11.538818,0.000128,19.65341,10.489798,0.002792
1087,0.77093,8.44599,26.435776,25.014279,0.721092,6.464454,16.203559,0.000147,19.330999,10.492665,0.002424
1088,0.740418,7.500065,22.915631,21.896325,0.834478,5.759415,16.285534,0.000122,19.088492,10.243033,0.002639
1089,0.772947,8.595121,24.789248,23.570844,0.792135,5.776066,19.519834,0.000102,19.603247,10.067986,0.002921
1090,0.752546,8.008884,26.441525,21.439515,0.841363,6.147143,18.56337,0.000164,18.362776,10.424091,0.003905
1091,0.701672,8.10589,28.9767,20.780891,0.715747,6.030258,14.581215,0.000108,18.850107,10.659306,0.002285
1092,0.753471,8.21462,26.584699,21.937639,0.808847,5.740107,13.517267,0.000148,18.701527,10.579191,0.002374
1093,0.841191,7.619381,24.157677,20.932531,0.701252,5.308996,10.700048,8e-05,19.253121,10.555244,0.003313
1094,0.804024,7.435993,24.014903,24.519099,0.727901,6.211315,16.620819,0.000143,19.53627,9.930029,0.002225
1095,0.698432,8.490254,26.386332,22.213503,0.901443,5.366077,13.398987,0.000125,20.196157,9.894277,0.003454
1096,0.747858,7.88893,22.745461,22.631376,0.692777,5.701459,11.648637,0.000142,19.52358,10.636271,0.002508
1097,0.717252,7.320301,26.465421,22.265006,0.789629,5.364377,18.60183,0.00012,20.556617,10.796504,0.003219
1098,0.760692,7.897772,24.440903,21.686168,0.704205,6.001554,15.286482,0.000134,20.007082,10.196231,0.004141
1099,0.743661,7.392098,27.771331,21.145338,0.753503,6.055371,8.222462,0.0001,20.086489,10.155575,0.0034
1100,0.686064,8.368426,26.433214,23.294153,0.732768,6.662581,12.326383,0.000143,19.339782,10.363102,0.003268
1101,0.766885,8.725568,27.337471,20.777962,0.614622,5.541658,17.126213,9.1e-05,20.714657,10.76466,0.003601
1102,0.707208,8.211751,25.361143,19.504691,0.747423,5.390328,11.399704,0.00019,19.979855,9.988375,0.002326
1103,0.780021,8.69438,27.070501,23.254585,0.819061,6.080487,10.963256,0.000161,19.900414,9.51364,0.003486
1104,0.715465,7.794551,25.378025,23.562811,0.870447,5.75005,17.212426,0.000106,20.119699,10.119846,0.002737
1105,0.745645,8.307062,25.915594,22.066368,0.73288,5.868861,16.099365,0.000115,20.181502,9.903566,0.003236
1106,0.795412,7.260177,27.622912,23.240204,0.890417,5.947728,26.986124,0.000104,19.010605,10.515749,0.00185
1107,0.785922,7.85173,25.210724,20.684216,0.6947,6.95185,14.564072,0.000152,20.037928,9.727718,0.002801
1108,0.799758,7.542403,27.480459,22.55338,0.752611,5.762174,11.850191,0.000141,20.025628,10.204556,0.003078
1109,0.717578,7.555944,27.625162,23.089242,0.649584,5.126233,20.400068,0.000162,19.413066,9.844092,0.001849
1110,0.766178,7.813071,24.27785,23.401455,0.600246,5.977223,13.2904,0.000126,19.588666,10.24954,0.002063
1111,0.783014,8.488544,26.566595,21.565977,0.613625,5.063478,10.570052,0.000109,18.847358,10.19837,0.003332
1112,0.777107,6.807723,26.509748,20.746288,0.73846,6.475865,8.088747,0.00011,18.636942,10.510081,0.002748
1113,0.74724,7.773829,25.178197,20.97816,0.730526,5.910993,21.738204,0.000166,20.428151,10.431081,0.003091
1114,0.726548,9.707264,29.015644,20.917488,0.776231,5.593358,13.252409,0.000137,19.540407,10.137824,0.002506
1115,0.712971,7.882461,26.777023,21.955267,0.705804,6.174086,14.066467,0.000108,18.862575,10.199664,0.002923
1116,0.728635,7.338498,26.22036,19.761854,0.793606,6.228429,13.622354,0.000113,19.521312,10.44921,0.002755
1117,0.749437,7.680791,25.587933,21.772961,0.698681,6.546701,15.753674,0.000101,19.888823,10.109947,0.002909
1118,0.778677,7.249901,27.157743,21.080937,0.875392,6.209023,20.683988,0.000132,19.115938,10.053936,0.003132
1119,0.715478,8.242676,25.674206,22.324738,0.77159,6.616111,17.065133,0.000128,19.835127,10.355769,0.004417
1120,0.753642,7.822309,26.616502,22.55482,0.687874,5.804819,8.271829,0.000111,19.921401,10.339955,0.002629
1121,0.736272,7.588629,26.499149,22.832779,0.675713,5.220165,7.421978,0.000138,19.061516,9.478653,0.002834
1122,0.750412,8.736451,26.378737,22.128194,0.802878,6.088097,16.201618,0.000152,19.634753,10.927151,0.003438
1123,0.782924,7.860244,20.944636,24.338238,0.871832,6.110345,17.092132,0.000138,19.683359,10.576028,0.002935
1124,0.746962,7.900321,27.105993,22.57422,0.695722,5.786749,14.139885,0.00014,18.866037,10.658884,0.003405
1125,0.764211,7.890449,25.597655,22.57266,0.691976,6.554471,11.724651,7.8e-05,20.758052,10.716319,0.00231
1126,0.712753,8.598199,23.042663,21.795691,0.676496,5.916668,15.507543,0.000148,18.986334,10.554788,0.003517
1127,0.726296,7.685184,27.127241,23.171702,0.860526,6.163978,12.956196,0.000138,19.472,10.087066,0.002696
1128,0.72489,7.813103,26.390403,21.012487,0.612025,5.747836,15.709807,0.000112,19.601766,10.847159,0.002697
1129,0.753227,7.844533,29.286728,21.29278,0.557283,6.753997,20.876822,0.000107,18.52252,11.578174,0.002898
1130,0.72115,7.720836,23.377715,21.624036,0.677109,5.828156,11.168372,9.4e-05,20.295881,10.569039,0.003147
1131,0.761344,8.433316,25.995902,21.347735,0.722812,6.573863,16.228822,0.000142,19.862139,10.305958,0.002072
1132,0.755109,7.305688,26.893673,25.575331,0.570469,6.414998,11.970517,0.000141,19.283233,10.078173,0.002938
1133,0.755261,8.240038,25.411148,22.218032,0.842146,5.941603,16.267346,0.00012,18.990389,10.80036,0.00202
1134,0.783066,8.025022,27.309462,22.152157,0.529485,5.660351,12.025134,9.3e-05,19.793042,9.767656,0.003403
1135,0.7793,8.399438,30.297598,22.478716,0.640425,5.590753,13.506496,8.7e-05,19.60914,10.005683,0.002544
1136,0.763566,7.957446,29.138012,21.491003,0.684445,6.45285,16.462546,0.000119,18.874587,11.070456,0.002581
1137,0.751837,8.244025,27.725641,22.98749,0.768405,6.483255,24.791848,0.000105,20.215431,10.644145,0.002009
1138,0.805475,8.904211,26.41525,23.667617,0.952346,5.859556,9.619114,0.000113,19.856817,10.963934,0.003074
1139,0.781289,8.647036,27.672726,24.020638,0.729406,5.704484,15.130317,0.00012,20.140873,10.36054,0.002552
1140,0.704347,6.658664,24.156005,21.042098,0.637956,6.083495,5.875661,0.000111,19.668191,10.556823,0.002854
1141,0.741978,7.521824,26.363732,23.16599,0.680425,5.725559,17.028508,8e-05,19.678054,10.384207,0.002605
1142,0.719246,7.195522,23.589019,20.162544,0.71332,6.426316,13.468536,0.00014,20.613463,10.891019,0.002854
1143,0.770671,7.657587,25.431401,21.632466,0.700403,4.789074,16.883747,9.7e-05,19.270242,10.342636,0.003076
1144,0.731396,8.617905,26.724638,24.028576,0.857333,5.828138,24.551387,0.000124,18.698168,10.583769,0.002762
1145,0.767155,8.86619,29.227666,20.554561,0.685066,5.55286,22.735199,8.7e-05,19.657863,10.767604,0.002426
1146,0.717179,8.034058,26.415166,22.981487,0.750202,5.803194,16.414575,0.000114,19.108197,10.174218,0.002196
1147,0.725754,8.264841,26.598459,24.17794,0.619136,5.783363,9.658476,9.5e-05,19.104395,10.381452,0.004692
1148,0.755924,7.945918,27.962018,21.389909,0.854866,6.389158,23.604135,0.000105,19.113388,10.778801,0.003598
1149,0.74486,7.874024,26.148655,22.960542,0.707918,6.027377,7.184539,7.7e-05,19.475236,10.511365,0.002985
1150,0.763775,6.626433,23.855009,22.592247,0.901033,6.703468,22.537577,0.00014,19.868084,10.615907,0.003115
1151,0.729502,8.413782,26.116246,20.074388,0.712141,7.004814,17.939578,0.00015,19.965304,10.062087,0.003415
1152,0.737152,8.841382,28.666725,24.90576,0.674092,6.693595,18.308923,8.3e-05,19.206831,9.813913,0.003894
1153,0.691978,9.434201,26.625762,22.370999,0.810178,6.180065,8.405132,0.000146,19.060614,10.782367,0.003075
1154,0.734812,7.567928,27.462659,21.608601,0.857847,5.207706,12.019411,0.000126,20.059796,10.331258,0.00416
1155,0.711013,7.219238,27.018138,21.903097,0.706724,5.704724,14.192595,9.5e-05,18.188784,10.234861,0.003913
1156,0.705093,8.196842,25.519992,22.999315,0.835896,5.746452,14.439839,0.000117,20.69754,10.395872,0.002171
1157,0.742261,7.053561,23.810271,23.51856,0.59562,5.355315,14.299803,0.000112,19.714366,10.907982,0.002252
1158,0.774688,8.780522,25.520305,20.843327,0.652376,5.812195,17.100624,0.00015,19.702045,10.634032,0.002778
1159,0.696329,7.880356,28.181202,22.472719,0.737279,5.403961,13.164587,0.000115,19.57414,9.795763,0.002689
1160,0.739191,8.020134,23.682254,19.601045,0.953202,7.198636,17.913107,0.0001,18.96956,9.909444,0.002499
1161,0.690599,8.147894,24.2138,22.228744,0.787368,5.620669,10.47726,0.000122,18.912974,11.253686,0.002671
1162,0.820912,8.153374,24.126242,22.17232,0.657398,6.33811,7.759147,0.000157,19.797118,10.603998,0.003124
1163,0.764502,7.447795,23.900566,20.67601,0.718606,6.477827,6.866158,0.000125,19.735903,10.244433,0.00358
1164,0.73099,7.208692,26.766316,21.015891,0.79853,6.54573,19.692203,0.000108,19.994349,9.884019,0.003705
1165,0.724122,8.434399,25.295648,23.876233,0.790124,5.764819,13.322337,0.00016,18.841994,10.298084,0.002869
1166,0.814048,8.257309,28.142518,22.848617,0.776461,6.296101,10.284614,0.000102,20.330285,9.229756,0.003088
1167,0.769824,7.967452,27.160943,20.513518,0.794744,6.808418,21.340617,9.8e-05,19.379507,9.613504,0.002009
1168,0.744714,7.408764,25.926796,23.198934,0.640252,6.27513,18.566278,0.00012,18.874271,10.553841,0.002228
1169,0.785084,8.050272,26.232463,24.138387,0.859804,6.779646,13.973855,0.000143,19.129987,10.677007,0.003233
1170,0.736783,7.648332,24.45012,21.912584,0.774646,5.52812,16.180326,0.000143,19.364448,9.640687,0.003379
1171,0.74311,7.266577,25.862415,20.678744,0.767183,6.740912,15.337699,0.000116,19.658879,10.260762,0.002351
1172,0.709302,8.255259,24.953317,22.154788,0.661341,6.457517,21.463582,0.000101,20.354953,10.74827,0.002994
1173,0.80489,7.772569,24.285476,21.085262,0.734573,6.32945,9.182421,8.5e-05,19.621788,10.152937,0.003138
1174,0.650159,9.063957,26.081163,22.57884,0.634669,6.618496,26.165657,8.8e-05,20.632419,9.690104,0.00204
1175,0.760212,7.336455,26.048276,21.601531,0.815601,6.083747,11.279327,8.2e-05,20.096349,9.76722,0.00326
1176,0.717222,6.936876,25.656712,19.850313,0.977598,6.104063,13.589543,0.000129,19.57572,10.848951,0.002758
1177,0.742521,7.689465,26.600504,23.271153,0.709787,5.748736,16.802898,9.2e-05,18.950471,10.182356,0.002962
1178,0.77131,8.303017,25.87766,22.806711,0.664245,6.635773,14.421648,0.000122,18.750689,10.020343,0.003282
1179,0.799419,8.508532,26.111627,20.991498,0.637031,7.025109,19.424482,0.000122,19.903557,9.845445,0.003541
1180,0.748121,8.006813,27.028377,23.391966,0.818362,5.85635,12.292215,0.00011,18.861177,10.069927,0.002463
1181,0.724569,7.777311,23.370935,20.803439,0.907629,6.34269,20.030846,9e-05,19.681564,10.405901,0.002255
1182,0.734364,7.827603,24.981434,20.84343,0.763383,5.734668,9.501364,9.8e-05,20.295825,10.852635,0.002623
1183,0.766534,7.420953,26.478385,20.997286,0.693708,4.851812,13.939794,0.000119,20.271493,10.331535,0.003172
1184,0.786133,8.169834,27.299358,24.331309,0.725163,6.482743,11.124214,7.7e-05,19.656866,10.93801,0.0029
1185,0.740983,7.876981,27.664714,24.177011,0.663317,5.204191,18.83468,0.00017,18.90104,9.352023,0.00231
1186,0.764821,8.132704,23.73513,21.195539,0.614423,5.877626,11.671298,0.000117,18.9227,10.579028,0.002127
1187,0.741912,8.148546,23.861125,21.992157,0.735321,5.568482,18.709105,0.000116,19.495303,10.5734,0.002676
1188,0.732289,6.836765,23.472137,21.397213,1.033479,6.000831,11.899732,0.000171,19.272703,9.480593,0.002251
1189,0.748507,6.640925,25.284943,20.498974,0.655438,6.66145,8.27282,0.000113,18.038437,10.264613,0.003115
1190,0.718758,7.282691,23.572445,22.530139,0.834139,6.2949,26.402626,9.9e-05,20.009548,10.461234,0.00232
1191,0.804102,7.343926,24.469504,20.871991,0.797208,5.310634,19.499524,9e-05,19.275263,10.567336,0.001843
1192,0.75966,7.577168,27.943584,22.700476,0.651107,5.402501,17.558106,0.000133,18.493451,10.810659,0.002991
1193,0.78485,7.507908,28.176357,22.771518,0.826279,5.853502,15.034697,0.000129,19.547471,10.788059,0.004655
1194,0.734602,8.18009,25.322495,22.63756,0.728062,5.907304,16.158592,0.000138,19.249127,10.155284,0.003534
1195,0.780081,7.187427,24.185239,23.230994,0.885654,5.487946,13.820572,0.000116,20.042357,10.175265,0.002814
1196,0.759311,6.877124,27.273838,22.501167,0.776875,5.754138,11.383004,0.000137,19.027383,10.666799,0.002054
1197,0.739213,7.538031,26.843127,20.893211,0.885161,6.591042,21.748421,0.000118,18.657319,10.294824,0.003779
1198,0.764782,7.587009,26.295932,23.127612,0.845144,6.30882,21.411376,0.000189,19.115227,10.51892,0.00316
1199,0.72443,8.739838,27.073319,23.62195,0.825774,6.014813,19.60469,8.6e-05,19.342294,10.964425,0.004175
1200,0.723211,8.724868,28.294477,23.726515,0.701952,6.651979,14.216031,0.000132,19.581155,10.128508,0.004386
1201,0.811539,7.335448,24.206303,23.467102,0.854608,5.232441,18.51599,0.000134,19.991708,9.96468,0.002188
1202,0.697494,7.93467,24.197797,21.053619,0.770015,6.242868,17.067611,0.000127,19.38926,10.387287,0.002522
1203,0.782494,8.605793,26.218495,22.562044,0.746613,6.292511,12.89546,0.000114,19.15212,10.327489,0.003582
1204,0.834343,8.119382,26.665652,23.370097,0.818979,6.287672,13.543194,8.9e-05,19.326452,10.13314,0.002789
1205,0.742218,7.532579,26.663758,22.19686,0.855917,6.42831,12.461794,0.000122,18.649588,10.289185,0.003158
1206,0.701161,7.660352,29.345837,22.271352,0.729361,5.705374,14.153471,0.00011,19.141532,10.134189,0.002172
1207,0.788873,8.214028,26.315445,23.40227,0.79135,5.949477,13.744623,0.00012,19.555022,10.650728,0.00237
1208,0.769661,7.093979,25.50699,24.117755,0.697164,6.051518,7.901644,0.000161,19.586735,10.223192,0.002225
1209,0.759131,8.376488,26.980127,21.879079,0.648864,5.980385,13.006022,0.000128,19.191791,10.519471,0.002479
1210,0.796705,9.241037,26.926807,20.191516,0.698379,5.381207,13.160779,8.6e-05,18.885007,10.675172,0.002679
1211,0.779128,8.18328,25.274594,21.134366,0.821394,5.359819,11.837047,0.000124,19.624186,9.930784,0.00291
1212,0.749119,8.627771,26.193778,22.535805,0.735856,5.884734,16.476826,0.000111,19.001001,10.083593,0.002948
1213,0.78301,7.647758,23.368733,21.013606,0.666515,6.494436,20.855621,8.8e-05,19.03553,9.661515,0.002377
1214,0.730983,8.084859,26.561855,22.469321,0.854294,6.214848,18.752814,0.000164,19.872306,9.862313,0.002927
1215,0.759968,8.409091,27.248061,24.016665,0.721069,5.94751,14.493512,8.4e-05,19.231176,10.413745,0.002845
1216,0.707029,7.573212,28.100572,25.10819,0.727409,5.617174,25.49072,0.000159,21.388296,10.710076,0.003059
1217,0.754967,8.638666,25.59498,21.790729,0.692268,5.972264,14.708507,7.6e-05,20.179939,9.938186,0.002394
1218,0.746685,7.272073,27.11193,22.915943,0.649974,5.95238,15.834509,0.000126,19.539536,10.483852,0.002508
1219,0.755852,7.961152,27.21124,23.244455,0.751787,6.469169,26.506239,9.7e-05,19.352145,10.478212,0.003384
1220,0.784453,8.648858,25.995497,22.728244,0.93921,5.648128,12.804861,9.8e-05,19.338886,10.806929,0.003609
1221,0.68722,6.648493,24.507649,22.475904,0.689095,5.424354,9.269388,9.1e-05,19.59147,10.125691,0.002634
1222,0.763861,8.102987,24.514455,21.897712,0.690201,5.547118,16.692425,9.5e-05,19.268056,10.977755,0.003547
1223,0.829444,7.837849,27.116645,22.724939,0.687426,5.753809,24.131192,0.000144,19.528122,10.084243,0.002846
1224,0.79821,7.563857,27.925772,21.958267,0.664663,5.883302,13.510777,9.5e-05,18.918588,10.173578,0.002481
1225,0.733702,7.995193,29.154412,21.95785,0.750243,6.327526,7.467187,0.000118,20.513643,10.627359,0.002763
1226,0.729106,7.573392,25.707653,21.343267,0.853874,6.694735,19.617299,0.000115,19.453697,10.2798,0.002924
1227,0.799454,9.129989,26.1338,24.484811,0.66956,6.346772,12.221468,0.0001,19.43031,10.292096,0.002262
1228,0.705086,7.652912,26.523245,19.981266,0.688949,5.346199,7.507172,0.000138,18.250653,9.799415,0.002529
1229,0.750045,8.166423,25.894391,20.403114,0.859875,7.198673,10.158454,0.0001,19.346779,10.658147,0.003057
1230,0.754332,9.101725,28.389359,24.128673,0.864598,6.41968,11.489412,0.000142,18.499762,10.921192,0.002453
1231,0.702967,8.232917,25.360778,24.050949,0.62713,5.922877,18.599938,0.000123,18.911461,10.442858,0.002798
1232,0.720227,7.520962,26.29179,22.00243,0.697749,6.570961,11.72673,9.6e-05,18.903261,10.64028,0.003129
1233,0.761912,8.408019,26.07679,22.6751,0.694142,6.218312,16.538259,7.9e-05,19.298383,9.908686,0.003548
1234,0.770101,7.570156,24.858245,23.612089,0.862126,5.550774,12.688099,0.000146,20.098121,10.872735,0.002407
1235,0.778376,7.549744,26.257185,22.679238,0.699418,6.763504,13.849844,0.000123,19.853389,11.103733,0.002719
1236,0.774867,8.252734,26.276172,22.501493,0.794413,6.176886,15.085332,0.000164,19.828532,10.02887,0.00339
1237,0.705554,8.488472,26.956614,23.498896,0.826437,5.189071,11.275869,0.000126,18.858716,10.596666,0.002798
1238,0.772766,6.827281,25.719323,20.617749,0.954174,6.245978,19.451654,0.000142,20.034623,10.398649,0.00308
1239,0.771141,7.524149,25.322404,21.833886,0.725945,5.817474,13.260984,6.8e-05,19.418945,9.983079,0.00253
1240,0.763012,8.333913,27.435592,22.124538,0.798974,4.283546,9.885868,0.000123,21.064931,9.975132,0.003688
1241,0.740076,7.605627,27.977402,20.751927,0.580752,6.643984,12.31087,0.000109,19.418166,11.005053,0.002252
1242,0.77916,7.755633,25.898543,23.688319,0.815668,6.835492,20.361868,9.8e-05,18.957436,10.268172,0.0031
1243,0.752893,8.896415,25.596204,24.431204,0.667791,6.542243,13.794595,8.9e-05,19.460022,10.453703,0.003007
1244,0.727981,8.180488,24.164667,24.110826,0.785014,6.250667,19.310118,8.5e-05,19.094082,10.597892,0.004024
1245,0.77094,8.518419,26.758382,21.897899,0.704197,6.116916,12.394826,0.000159,19.668371,10.454907,0.00421
1246,0.700909,7.446,28.846787,23.028237,0.788743,6.174332,20.462029,0.000141,19.60417,9.410449,0.002196
1247,0.720112,7.517438,25.93611,23.154429,0.882917,6.747778,17.933799,0.00017,20.663369,10.350934,0.004167
1248,0.750033,8.27061,26.462574,22.232679,0.744839,6.755074,7.283219,0.000114,19.398722,10.548934,0.003356
1249,0.747068,7.183736,25.611026,21.357188,0.65786,7.33409,17.966614,0.000215,18.921499,10.012592,0.002791
1250,0.813267,7.847368,24.419692,22.514358,0.74383,5.818667,18.163206,0.000143,19.384835,10.080961,0.002528
1251,0.73537,8.615712,28.558025,22.522402,0.69359,5.613235,20.277937,0.000118,19.698721,10.502964,0.001967
1252,0.778269,7.810771,25.468904,20.984709,0.828395,6.308613,11.644172,0.000113,19.509339,10.86,0.002863
1253,0.752828,9.197021,27.28012,23.493313,0.775294,6.572807,20.685032,0.000121,20.263062,9.909619,0.003795
1254,0.722954,7.490584,24.843731,22.578386,0.82803,6.033908,13.516618,0.000104,18.868389,10.272284,0.002883
1255,0.755855,8.121841,26.713155,19.986978,0.793737,6.288507,21.647195,0.000112,20.061072,10.04445,0.002986
1256,0.812218,8.602538,29.560369,23.42002,0.702129,6.495816,10.750055,0.000111,19.036424,10.697331,0.002682
1257,0.684913,8.070739,24.27369,19.465881,0.645775,6.212927,14.85246,9.2e-05,19.273046,10.276532,0.002699
1258,0.793909,7.423563,25.877801,22.225223,0.681679,5.64935,13.332955,9e-05,19.346325,10.535415,0.003625
1259,0.756928,8.157678,23.568036,22.69713,0.65601,6.224346,13.83941,0.000161,19.03895,9.8424,0.002706
1260,0.777277,7.441988,28.55383,20.838871,0.716108,5.548223,17.166044,9.1e-05,19.375869,10.233835,0.00395
1261,0.67969,6.74694,25.950329,20.864414,0.814718,6.175384,20.708294,0.000147,20.5606,10.017018,0.003917
1262,0.728355,8.01331,28.602874,23.813277,0.748734,6.009835,18.697736,0.000154,18.940655,10.291897,0.002683
1263,0.769439,8.623266,25.566508,23.985419,0.895137,5.273715,24.430435,0.000161,18.460595,10.807876,0.003113
1264,0.754443,7.475995,25.240675,22.396894,0.67246,5.762657,12.22392,0.000116,19.225076,9.804762,0.003233
1265,0.715845,8.058763,26.802606,23.078014,0.662189,6.125779,21.336106,7.8e-05,19.787785,10.75692,0.002505
1266,0.729734,7.278788,24.299806,21.766552,0.936537,6.131686,12.420734,0.000169,19.107562,11.256522,0.002156
1267,0.761661,7.992586,25.147171,22.045142,0.823824,5.846891,22.171496,8.7e-05,19.605025,10.007032,0.002377
1268,0.789911,8.389036,28.166434,21.184734,0.689682,5.281606,8.912639,0.000138,18.428715,11.019064,0.002779
1269,0.729515,7.751788,25.032286,23.237528,0.809699,5.672786,14.201514,0.000139,20.051119,10.5191,0.003504
1270,0.743731,7.892567,24.646668,23.404695,0.695529,5.592293,17.182754,0.000146,19.888321,10.464045,0.002706
1271,0.762191,7.671898,26.94089,24.053617,0.746725,6.255804,9.198839,0.000109,19.810628,9.958048,0.002364
1272,0.730356,8.101079,30.176401,20.060908,0.716871,5.695305,12.883453,0.000147,19.377328,10.39662,0.00465
1273,0.733908,7.784061,27.333721,24.576927,0.748695,5.07773,7.9818,0.000123,18.723731,10.927918,0.003661
1274,0.728093,8.149873,26.789378,22.270046,0.822968,5.71797,11.685243,0.00013,19.27662,10.51269,0.003969
1275,0.737353,7.876023,29.553649,22.039665,0.732133,5.363978,22.119297,0.000131,19.946611,10.324888,0.002545
1276,0.749025,8.483397,26.360713,24.00244,0.725437,5.684967,13.994635,0.000156,18.807375,9.988015,0.00298
1277,0.737175,7.639253,26.994267,20.974528,0.69682,4.920959,12.606829,0.000142,20.912865,9.746979,0.00204
1278,0.769856,7.796305,22.589199,22.438957,0.85812,5.825955,19.214847,0.000145,19.094914,10.681165,0.002324
1279,0.687756,8.203813,27.229017,21.812009,0.791122,6.158638,13.572133,0.000102,20.796057,10.53981,0.002556
1280,0.837718,8.101649,24.585921,21.405465,0.860433,6.169628,12.263615,0.000115,19.363032,10.16547,0.002184
1281,0.766468,8.39655,27.171719,22.825432,0.793757,5.405285,21.559346,8.8e-05,20.04412,10.523386,0.002703
1282,0.731525,8.227353,29.936778,23.010747,0.748165,6.394588,12.130519,0.000111,19.852479,10.531184,0.003086
1283,0.746903,8.461546,28.774965,21.236415,0.867179,6.31466,17.766483,0.000104,18.864881,10.903459,0.002602
1284,0.706181,7.851819,28.727468,23.021845,0.691285,5.701585,17.764898,0.000135,19.374297,10.576182,0.004088
1285,0.730918,8.441008,25.956816,25.393032,0.937035,6.5849,12.773605,0.000127,19.260871,10.462023,0.002086
1286,0.796919,7.900124,24.943357,20.583623,0.720044,6.04122,13.807173,0.000123,20.137845,10.548247,0.003448
1287,0.790475,7.603466,22.376649,22.850331,0.751136,5.582454,12.245232,0.000155,19.936603,10.276646,0.003373
1288,0.752941,8.105061,26.85951,22.823164,0.775808,5.216263,12.540645,0.000121,18.945458,10.437976,0.003046
1289,0.766684,8.415447,26.894737,19.921241,0.726871,5.397915,19.900195,0.000113,18.679036,10.240231,0.003521
1290,0.76432,7.88296,25.446605,23.182091,0.796303,6.161092,13.878715,0.000111,20.453869,11.002834,0.004633
1291,0.792362,8.108533,26.101067,22.819002,0.736113,6.284833,12.108706,8.8e-05,18.074368,10.735438,0.003016
1292,0.773761,8.241843,23.907436,22.435894,0.766144,6.261457,14.214485,0.000124,19.526483,10.56392,0.002523
1293,0.753496,8.170875,27.592642,21.621249,0.997967,5.322064,16.278006,0.000141,20.691616,10.467638,0.003936
1294,0.678612,8.382013,27.035753,19.938753,0.871307,5.649296,18.690609,0.000119,18.858834,10.010441,0.002525
1295,0.72866,8.543486,26.522326,20.9641,0.643185,6.444173,17.270385,0.000121,20.242234,10.539218,0.003678
1296,0.74371,7.829961,25.736279,21.651282,0.722937,5.082578,14.093346,0.000117,19.40116,9.793605,0.003253
1297,0.757862,9.074372,26.965744,21.699917,0.702452,5.448727,13.687868,0.000125,18.739968,10.318426,0.003337
1298,0.732743,8.50583,28.486582,25.214559,0.783975,5.961768,15.819308,0.000153,19.543822,10.764672,0.003252
1299,0.740721,7.481504,23.216118,21.567344,0.822472,6.148889,20.118124,0.000189,18.78607,11.000953,0.001837
1300,0.705701,8.456555,26.427063,22.005863,0.859524,6.995575,20.432996,0.000133,19.928734,10.661799,0.003245
1301,0.775888,7.901114,27.486328,22.183497,0.607965,5.850223,11.672595,0.000119,20.121083,9.909532,0.002444
1302,0.735452,8.417204,24.529515,22.161599,0.885982,6.07203,12.019114,8.1e-05,19.79585,10.411753,0.002968
1303,0.742095,9.637997,23.841637,20.203582,0.756455,7.303915,20.753038,0.000115,19.270432,10.493737,0.00303
1304,0.687153,7.820493,24.775182,21.441962,0.703979,6.924893,20.666222,9.1e-05,19.750926,10.484877,0.003
1305,0.784824,8.377778,29.321113,23.217222,0.660778,5.753362,22.357475,0.000106,20.431057,10.219715,0.002092
1306,0.793692,7.887296,30.10715,23.979333,0.696897,5.706687,11.416536,0.000142,20.51412,10.518785,0.002031
1307,0.831381,8.230155,25.653811,22.501475,0.676648,6.76431,20.45165,9.1e-05,19.05901,10.862195,0.001962
1308,0.733618,8.374848,27.357498,19.947741,0.674179,5.143891,12.834061,0.00014,19.828855,10.573019,0.002743
1309,0.678798,7.324648,25.228867,21.927789,0.800531,5.369484,18.130955,7.9e-05,19.582365,10.445928,0.002907
1310,0.73838,7.577182,27.918043,21.245429,0.828701,5.861526,12.322062,8e-05,20.148959,10.105194,0.002464
1311,0.771029,7.905859,26.949956,23.784703,0.633311,5.702085,20.651717,9.2e-05,19.378784,10.579143,0.002452
1312,0.676014,7.615486,29.232201,22.824505,0.815806,5.577432,17.029412,0.000101,19.090795,10.609104,0.00244
1313,0.793758,8.398916,27.082064,25.748895,0.851857,5.143012,15.762793,8.2e-05,18.371606,10.380404,0.003028
1314,0.767487,8.667521,25.621428,21.988405,0.706932,6.646603,27.271781,9.9e-05,20.667406,10.133423,0.004277
1315,0.743576,8.33806,23.80799,22.223365,0.848534,6.509746,13.940784,0.000133,19.662621,10.293777,0.00321
1316,0.734931,8.911468,25.383889,21.054093,0.95699,5.64042,8.448932,0.000131,19.380653,10.258176,0.002963
1317,0.750108,8.194577,26.632988,23.903546,0.659863,5.883997,22.720458,8e-05,19.478213,10.197544,0.003671
1318,0.746889,8.978934,26.288928,21.095392,0.911559,5.582536,17.89245,9.8e-05,19.771088,9.592518,0.003026
1319,0.687362,8.964532,29.26119,23.121226,0.62906,5.287915,15.594761,0.00013,19.178511,9.841147,0.002062
1320,0.717841,6.587025,24.877309,22.574095,0.723278,7.068628,14.102611,0.000189,20.493621,10.785698,0.003394
1321,0.735358,7.218576,24.346583,19.876533,0.840864,5.972207,15.565965,8.9e-05,19.373179,9.982004,0.003083
1322,0.753627,7.180373,24.560739,22.366679,0.899307,5.3407,14.673163,0.000106,20.278807,10.3999,0.002909
1323,0.758523,8.220895,23.608652,23.464032,0.663212,5.941071,14.750314,0.000129,20.523925,11.034493,0.002656
1324,0.676752,7.284702,24.230745,21.133814,0.758338,5.786863,20.886869,9.7e-05,19.382573,10.558545,0.002535
1325,0.752983,6.877397,25.002633,22.398528,0.800363,5.712516,25.362376,0.000109,19.115427,9.694828,0.002567
1326,0.72776,8.463969,26.310347,22.239936,0.748573,6.324376,12.409156,0.000124,19.665946,10.470637,0.003004
1327,0.798192,7.935758,28.011969,22.882215,0.668535,4.664499,6.683187,0.000111,18.282571,10.807002,0.002676
1328,0.729821,7.482645,24.515346,21.414401,0.80418,5.988638,12.842616,0.000161,19.393513,10.918449,0.003179
1329,0.769163,9.33791,28.451359,21.696362,0.963644,6.445612,10.136742,9.5e-05,19.931184,9.814246,0.002325
1330,0.769444,8.060701,27.634908,21.125738,0.719802,5.940652,9.892014,0.000113,19.840553,10.056973,0.003252
1331,0.808242,9.131568,24.509452,23.931531,0.657522,4.602401,18.083228,0.000103,19.579953,10.739939,0.003024
1332,0.777314,7.945987,26.268942,22.94252,0.674609,6.100462,18.894632,0.000108,19.080233,10.71516,0.002675
1333,0.752059,6.96157,24.459311,21.919665,0.769124,6.1883,11.515247,0.000132,19.431857,10.257726,0.003349
1334,0.738139,7.392367,23.969264,19.930231,0.739983,6.612104,20.40899,0.000135,19.149616,10.645779,0.002403
1335,0.759297,7.527612,27.573003,23.595178,0.844025,6.488391,17.156604,0.000145,20.050072,10.724796,0.002446
1336,0.753051,7.500306,26.223879,21.210773,0.643181,5.142316,10.097337,8.7e-05,18.875206,9.721945,0.003664
1337,0.726067,7.689519,24.329799,22.074675,0.766968,6.306337,14.073508,0.000124,19.213352,10.575448,0.002808
1338,0.808293,7.775233,24.885614,22.288019,0.762916,6.309167,12.630368,0.0001,18.35987,10.392174,0.00355
1339,0.776202,8.226579,27.322791,21.060316,0.683675,6.205302,14.811795,0.00014,18.284442,10.179271,0.002175
1340,0.736626,7.982934,28.221411,21.279543,0.927894,5.4483,13.442915,0.000162,19.229508,10.40053,0.003165
1341,0.817124,7.000732,25.227812,22.439704,0.741581,5.964638,19.108908,0.000106,20.106899,10.583768,0.004406
1342,0.739428,7.974492,24.966375,22.829586,0.644379,5.069064,13.66727,9.4e-05,19.871754,10.798995,0.002535
1343,0.714576,7.776547,26.510502,20.754755,0.752886,6.077637,21.9827,0.000115,20.615739,10.686008,0.003567
1344,0.743551,7.454342,24.753688,24.346199,0.627839,4.966571,17.754848,9.9e-05,19.559316,9.950756,0.002624
1345,0.770364,8.367038,26.495297,20.845867,0.71813,6.712581,25.261141,8.4e-05,18.656551,11.054858,0.003029
1346,0.754986,7.51663,25.472287,23.766244,0.718742,5.938244,21.312497,0.000148,20.388615,10.030884,0.002724
1347,0.704798,8.322195,23.56996,22.641381,0.725492,6.567108,10.950742,0.000133,20.318593,10.172576,0.002194
1348,0.756999,7.901356,27.221032,22.787023,0.754531,5.53326,14.347544,0.000105,20.382731,10.665037,0.002539
1349,0.760368,7.156237,26.647862,23.526001,0.727633,5.644911,16.628797,0.000117,19.397467,10.633761,0.00305
1350,0.779087,7.317232,25.528385,22.302822,0.748443,5.998256,9.613853,0.000124,19.30891,10.280663,0.003011
1351,0.761067,6.843717,26.555578,22.086775,0.757268,5.994085,16.39723,0.000102,19.2345,10.07276,0.001978
1352,0.756877,8.449235,26.828247,20.931102,0.651218,5.799029,10.210409,0.000114,18.982962,9.747905,0.002533
1353,0.762892,7.476923,23.956388,20.772309,0.832322,5.351625,11.398273,0.00013,20.152088,10.48821,0.002331
1354,0.698962,7.366037,24.499196,22.610525,0.702111,6.434337,14.310915,0.000115,19.231225,9.6287,0.003333
1355,0.746834,7.468123,27.838362,23.825294,0.72987,5.891576,12.323273,0.000121,18.722339,10.129332,0.004909
1356,0.766014,8.006838,25.106918,23.790224,0.686152,6.042075,18.234372,0.000154,20.176941,10.452614,0.002969
1357,0.795117,7.919591,24.689697,21.327543,0.799435,5.792507,10.56684,0.000136,19.704384,10.724767,0.002654
1358,0.710988,8.241059,27.172433,23.607224,0.654991,6.110656,13.724049,0.00013,19.123719,10.24523,0.004489
1359,0.79373,8.917348,27.103513,20.50379,0.661615,5.444914,14.193237,0.000123,19.559925,10.398275,0.002291
1360,0.711424,8.491627,23.128218,23.249662,0.839738,6.169969,10.956188,0.000124,19.287431,11.248173,0.003506
1361,0.728205,8.819701,23.624169,22.88749,0.739211,6.464243,18.040123,0.000128,19.82647,10.247695,0.004377
1362,0.755398,7.01577,25.479725,20.981924,0.70904,5.604998,14.229982,0.000102,19.177676,10.860473,0.002673
1363,0.712403,7.722779,25.839347,21.592106,0.781799,5.971968,12.504838,0.000131,20.339311,9.969177,0.002631
1364,0.779105,9.074151,25.684449,24.347158,0.674268,5.450298,18.973319,0.000103,20.449091,10.056124,0.002489
1365,0.732974,7.892607,25.921305,21.81741,0.79167,6.89264,13.472372,9.8e-05,19.135908,10.243266,0.002062
1366,0.765434,8.504152,24.830348,21.865428,0.797217,6.505864,15.610213,0.000109,19.275508,10.014597,0.002336
1367,0.722272,8.04288,23.273073,19.274855,0.761165,6.473465,14.065179,0.000107,18.986818,10.824515,0.002915
1368,0.720034,8.287464,29.427275,23.437451,0.790641,5.733637,8.979343,0.000117,18.655199,10.67916,0.002564
1369,0.803867,7.652152,27.761445,24.407027,0.792189,6.984445,14.798335,0.000179,19.292737,10.666731,0.002929
1370,0.711779,7.187848,24.237336,22.286135,0.763377,6.020519,19.912483,0.000152,18.792576,10.126661,0.003756
1371,0.739739,8.870333,26.263427,21.93218,0.659277,6.647843,11.77205,8.9e-05,19.711135,9.998159,0.002843
1372,0.786461,7.956427,28.928342,23.138392,0.812213,5.947513,11.762005,0.000121,18.164743,11.005085,0.003251
1373,0.767104,8.443795,25.546657,22.238125,0.857285,6.278833,14.578838,0.000111,20.547503,10.767863,0.002939
1374,0.762297,9.563239,26.349941,23.753794,0.636765,5.725733,16.834831,0.000125,19.356704,10.549279,0.003435
1375,0.754314,8.10507,26.982579,21.844163,0.889631,6.414253,19.660033,0.000158,19.946354,10.72813,0.003429
1376,0.777823,8.820774,28.186042,21.654168,0.658441,6.761129,12.461049,9.7e-05,19.158531,11.147284,0.002869
1377,0.785669,7.353914,25.53005,22.268838,0.65549,5.606855,17.617085,0.000137,20.113134,10.84535,0.002862
1378,0.770324,8.600554,23.538313,24.09379,0.873856,6.14921,12.993386,0.000127,19.899767,10.485087,0.002669
1379,0.758339,7.815807,27.491329,21.814161,0.671416,5.711546,12.959489,0.000101,18.839063,10.387375,0.002598
1380,0.732166,8.268249,25.715357,22.461048,0.84591,6.648802,8.811087,0.000176,18.843403,11.122176,0.002572
1381,0.751781,8.5242,26.623863,24.024962,0.590862,6.052899,13.770568,9.9e-05,19.877179,11.015315,0.002975
1382,0.758844,8.671325,26.518834,21.736134,0.672731,5.857928,16.810361,9.9e-05,18.742206,10.159373,0.002697
1383,0.770773,7.554382,25.674036,21.928814,0.808633,5.516444,14.739475,0.000104,19.700622,9.707271,0.004051
1384,0.833534,8.074737,25.190792,22.522507,0.713256,5.90285,18.544582,0.000121,19.68378,10.248098,0.004152
1385,0.813793,7.528387,24.066615,24.862315,0.867146,5.99249,15.166233,0.000133,19.623127,10.290786,0.003573
1386,0.771207,8.416195,25.6989,21.320514,0.69267,6.495897,9.592269,0.00016,19.111336,10.125618,0.004094
1387,0.710175,9.82515,28.563286,22.125722,0.631689,5.807304,8.761057,0.000102,17.986631,9.926122,0.003019
1388,0.710672,7.627789,28.158672,20.549238,0.828648,5.874925,13.395425,0.000145,19.645778,10.768546,0.003063
1389,0.76102,7.058746,23.143165,23.119777,1.019594,6.292343,7.44775,0.00019,20.402663,10.737769,0.003081
1390,0.731783,7.347131,24.88913,20.083922,0.896044,6.01023,14.083167,0.000104,19.20834,10.177598,0.003709
1391,0.785628,9.033258,25.511842,21.824941,0.820987,6.264317,14.589754,9.5e-05,19.146078,9.995385,0.00261
1392,0.794886,8.026477,24.428626,23.256997,0.668328,6.217297,11.735418,0.000114,19.854922,10.056257,0.002843
1393,0.779933,7.197822,24.376951,22.7122,0.704989,5.704263,14.081332,0.000122,19.985621,10.893189,0.003146
1394,0.750645,7.03332,26.202907,24.172455,0.861471,5.852634,16.982892,0.000129,20.30997,10.766219,0.003138
1395,0.725391,7.825457,27.954716,22.164285,0.764727,6.332026,10.600176,9.7e-05,20.8809,10.245226,0.002596
1396,0.829752,8.228339,25.137485,22.516175,1.079723,6.545616,14.420299,0.000122,20.041948,10.34709,0.003818
1397,0.712192,8.420146,25.657024,20.681673,0.797498,6.451505,14.252236,0.000107,18.858518,10.321616,0.004397
1398,0.73427,8.087424,27.155875,19.801439,0.753333,5.906828,17.789078,0.00012,19.329995,10.458241,0.002395
1399,0.742951,7.955444,25.515269,21.890426,0.767597,5.221399,12.172706,0.000109,19.399517,10.616391,0.003359
1400,0.721692,7.582726,21.719854,21.874423,0.749138,7.074728,31.475738,0.000163,19.11089,10.788397,0.002414
1401,0.788043,7.642665,28.723625,22.149184,0.683222,6.606374,13.062556,0.000141,19.735514,10.677648,0.003579
1402,0.766768,9.138129,28.276129,24.08133,0.707298,5.443817,12.486802,8.7e-05,18.762414,9.993565,0.003829
1403,0.80332,8.230643,26.765651,22.600683,0.714054,5.94923,13.311007,8.3e-05,19.984071,10.566224,0.002855
1404,0.748635,7.359717,26.074392,22.013429,0.889719,5.839687,16.022632,0.000125,18.589478,9.873129,0.00309
1405,0.709258,6.90634,25.775059,23.515731,0.592806,5.971933,28.401747,0.000114,19.724586,10.925869,0.003687
1406,0.713774,7.697314,24.607089,24.334798,0.648955,6.426201,12.922381,0.000125,18.868706,10.334045,0.003087
1407,0.804948,8.65094,24.989665,21.007769,0.611127,5.808385,9.641126,8.8e-05,19.860681,10.370276,0.002994
1408,0.785304,7.402163,26.826249,21.085073,0.816809,6.2445,12.152207,0.000155,20.278644,10.838967,0.00231
1409,0.720562,9.437652,27.252506,22.286012,0.81835,5.74129,26.075497,0.000104,18.828732,10.783981,0.003546
1410,0.732796,7.248078,25.75875,24.458771,0.933995,6.558177,17.165464,0.000146,19.874786,10.674303,0.003446
1411,0.696572,7.646582,25.499932,21.794125,0.786248,5.644507,8.658292,0.000105,18.821743,10.691971,0.003999
1412,0.752764,8.067276,24.779678,20.303929,0.839456,6.137425,13.186292,0.000106,19.114737,10.023158,0.00279
1413,0.731744,7.38196,23.567208,21.442562,0.743136,6.117007,15.097595,0.000127,19.259742,10.417642,0.002685
1414,0.741782,8.195084,27.145965,20.479494,0.66451,6.022477,17.754038,0.000115,19.600927,10.212545,0.003601
1415,0.782582,8.384763,25.409338,21.135653,0.767052,7.022273,14.313173,8.7e-05,19.400995,10.137003,0.001395
1416,0.756328,8.339819,27.964877,23.758956,0.762988,5.350472,18.669025,0.0001,20.070215,10.172198,0.002831
1417,0.734478,7.512738,26.843928,21.958853,0.736776,6.995886,13.083827,9.9e-05,19.321479,10.312642,0.002924
1418,0.661893,7.501897,23.340893,20.869468,0.690071,6.188087,23.334885,0.00017,19.465749,10.44187,0.003374
1419,0.771759,8.235841,26.008581,21.583109,0.728579,5.60799,15.491646,0.000123,19.135261,9.845377,0.002607
1420,0.722434,8.976054,25.985983,20.978796,0.715208,5.60412,14.840678,0.000138,18.951471,10.24273,0.004006
1421,0.758182,8.449766,23.777229,21.02763,0.849939,6.14494,11.044527,0.00015,18.865987,10.006318,0.002576
1422,0.751349,8.869193,28.493949,24.584383,0.717791,5.351386,13.717092,0.000125,18.976648,9.919516,0.00314
1423,0.715031,8.26897,24.71647,22.347981,0.612453,6.340875,22.252991,0.000129,18.773293,10.81462,0.002799
1424,0.736188,9.130367,27.621774,21.977417,0.748822,6.05552,20.840749,8.7e-05,20.192724,10.162587,0.003038
1425,0.679402,7.639781,26.356099,21.295203,0.743904,5.479257,14.243687,0.000106,19.547938,10.454564,0.003422
1426,0.783108,8.29458,26.294243,18.264178,0.758157,6.861176,14.879887,0.000103,20.179553,10.474944,0.002145
1427,0.731518,8.3065,27.166906,24.760811,0.629432,5.723288,8.860456,0.000105,20.801486,10.383164,0.003857
1428,0.78416,8.615384,25.553173,23.146906,0.857667,6.34226,15.679365,0.000103,18.515329,9.911029,0.002392
1429,0.768929,7.73358,25.196873,24.827489,0.668361,5.640023,15.29766,0.000133,19.532259,10.851216,0.003
1430,0.77072,7.765293,26.08134,20.774459,0.815647,5.803281,10.570893,9e-05,19.742826,10.766104,0.002739
1431,0.789383,7.382435,27.673209,22.242333,0.805332,5.81265,19.021747,0.000102,18.202905,9.896349,0.0024
1432,0.741011,7.544557,24.829458,22.796201,0.744364,6.081415,13.554512,0.000138,18.60809,10.558596,0.003007
1433,0.779227,8.343305,24.960158,22.602666,0.762853,5.319636,10.027818,0.000151,19.102745,10.108934,0.003351
1434,0.786221,9.041211,27.720231,21.103887,0.738021,4.945985,12.363411,0.000123,19.64445,10.260714,0.001785
1435,0.73278,8.951303,26.793966,22.758922,0.694306,5.805846,14.434031,8.5e-05,19.50084,10.683904,0.002577
1436,0.802759,7.876595,25.398681,22.825993,0.605463,7.329513,20.633108,0.000137,18.612857,9.904825,0.002208
1437,0.734934,8.213504,27.888504,21.832913,0.85418,5.290328,13.552664,0.000135,18.924638,11.287157,0.002829
1438,0.761001,9.325857,25.684557,22.680433,0.65179,6.460173,12.381073,0.000113,20.048794,9.923169,0.003434
1439,0.672484,8.184869,29.002638,23.736572,0.720611,5.108673,38.697598,0.000109,20.895197,11.270804,0.004387
1440,0.733997,7.415255,25.704973,24.340464,0.687718,5.645476,16.558815,0.000146,19.08138,9.85972,0.001924
1441,0.707726,7.871845,25.852294,22.58843,0.726918,6.484,26.007748,0.000108,20.064445,10.504102,0.003518
1442,0.761898,8.461934,27.824991,24.373273,0.625807,6.75271,9.943747,0.000105,19.041819,10.33227,0.003449
1443,0.72964,7.291545,25.115168,19.547071,0.880799,5.381626,14.824292,0.000103,18.628617,10.361778,0.002069
1444,0.742283,7.677665,23.751299,21.380969,0.725463,5.668058,17.343868,0.000137,19.296857,9.348906,0.00324
1445,0.787276,7.708323,27.969838,24.025642,0.564095,5.145414,17.072846,7.3e-05,19.013204,11.047359,0.002683
1446,0.753788,8.664097,26.194782,22.946125,0.660209,6.193581,18.247242,0.000158,20.06448,9.871497,0.003964
1447,0.798611,8.484044,25.232218,24.637341,0.740559,5.446548,14.298603,8.9e-05,19.30061,9.512901,0.004222
1448,0.787004,6.723436,25.551165,22.487775,0.766888,6.556725,19.090665,9.3e-05,19.627763,10.242264,0.002877
1449,0.706161,9.266619,28.405449,24.810821,0.630612,5.764534,16.240602,0.000135,19.209034,10.825586,0.002939
1450,0.70127,7.52737,22.986418,21.49681,0.853055,6.20372,11.529494,0.00019,18.894574,10.348223,0.002714
1451,0.761841,8.065668,24.541186,23.617582,0.734195,6.106237,9.019523,0.000142,18.768761,10.355793,0.005556
1452,0.74112,7.449113,24.554832,23.413358,0.803626,5.412177,7.058267,0.000131,19.712003,10.749916,0.002283
1453,0.77035,8.318769,28.076043,21.443023,0.645305,5.799372,22.706887,0.000105,19.077019,10.696085,0.003603
1454,0.813265,9.224468,24.287201,23.708962,0.821005,6.334084,9.880417,0.000173,18.943993,10.91059,0.003322
1455,0.701252,7.930349,22.909647,21.084438,0.769971,5.602713,18.47362,0.000118,20.42504,10.252872,0.003141
1456,0.752007,8.293091,23.775745,23.642419,0.650693,5.676622,21.35216,8.9e-05,19.589684,10.233653,0.003102
1457,0.684546,7.339804,22.349616,20.738938,0.794389,6.688388,14.531542,0.000149,19.625172,10.637869,0.002785
1458,0.734888,7.135424,24.188324,22.375255,0.711954,5.44589,14.014362,0.000116,19.626819,10.648952,0.002424
1459,0.716503,7.666208,24.305256,21.014377,0.745453,7.067724,16.421345,0.000133,18.382159,10.167571,0.002738
1460,0.741855,8.169149,27.742999,20.872145,1.010376,6.134421,17.185875,0.000184,19.707516,10.472982,0.003404
1461,0.748725,7.673268,27.29741,22.086238,0.784742,5.601663,9.02235,0.000107,19.666736,10.676988,0.002492
1462,0.783752,7.432934,26.772905,21.860597,0.712442,6.197825,11.467593,0.000118,20.398238,10.76578,0.001778
1463,0.789946,7.430705,23.060227,22.323348,0.75265,5.917085,14.795631,0.000146,18.894704,10.547449,0.002515
1464,0.7403,7.581402,22.981036,17.213994,0.680319,5.482601,16.189531,0.000167,20.118215,10.378013,0.00265
1465,0.778092,7.50454,23.523214,23.659406,0.861765,5.77611,10.863864,9.2e-05,19.974671,10.793843,0.001807
1466,0.70335,9.128694,24.977318,21.598459,0.59555,5.950142,14.034084,0.000119,19.43323,10.492121,0.00357
1467,0.722603,9.117538,23.775149,22.326678,0.953082,6.373311,17.069603,8.8e-05,19.86633,9.869787,0.003251
1468,0.733378,7.041434,23.790152,22.50797,1.022125,6.04033,15.598279,0.000144,19.244637,10.225426,0.002737
1469,0.742367,7.825552,25.066154,20.748856,0.820223,6.750554,20.623082,0.000111,19.521043,10.218229,0.003056
1470,0.730794,7.675543,26.139901,20.819299,0.752733,5.035418,14.688722,0.000102,19.964904,10.629559,0.002079
1471,0.757763,8.216622,24.360074,22.490957,0.779803,5.606517,12.59243,0.000114,20.076192,10.221915,0.003155
1472,0.737233,7.588542,27.26954,21.298609,0.785005,5.841983,10.714574,0.000111,19.378342,9.512602,0.003175
1473,0.712288,7.63371,28.712177,23.202971,0.766255,5.452925,10.72138,0.000107,18.072154,10.277121,0.003569
1474,0.778906,8.438324,23.829387,19.811204,0.827259,4.866119,17.832399,9e-05,18.655617,9.906837,0.002295
1475,0.764407,8.503927,24.509192,22.987251,0.788503,5.262811,9.088754,0.00013,19.406457,10.62919,0.002876
1476,0.771105,8.100625,24.823222,23.542269,0.708621,5.281374,17.688347,0.000147,20.683658,10.691538,0.003532
1477,0.738752,7.224214,23.963161,23.136641,0.782913,6.368819,12.679447,0.000102,18.870257,10.446231,0.002426
1478,0.766391,7.896922,25.797175,23.335124,0.617838,5.553617,16.630708,0.000195,18.954967,10.829272,0.003111
1479,0.810209,7.115013,27.592464,19.540773,0.722593,6.255433,9.661711,9.9e-05,19.925674,10.783364,0.002187
1480,0.746815,7.708335,24.853092,21.372907,0.719418,6.278919,8.183413,0.000119,19.178213,10.24038,0.002328
1481,0.735428,8.762996,28.469907,23.708765,0.758433,6.652803,14.320441,0.000127,19.637708,9.614798,0.002592
1482,0.735893,7.066554,22.888432,20.593997,1.035339,6.125013,10.912341,0.000106,20.043786,10.904378,0.002991
1483,0.763973,7.55805,23.832895,23.505013,0.764453,6.389323,16.943259,0.000129,19.546562,10.241793,0.003884
1484,0.772228,7.832269,27.758542,22.31226,0.791026,5.286148,13.067679,0.000129,18.762773,10.625529,0.00277
1485,0.808233,8.20912,29.162108,22.589732,0.641161,5.609578,22.678548,6.4e-05,20.432961,11.164034,0.002286
1486,0.736605,6.823544,25.273885,24.200247,0.69962,6.478216,13.486245,0.000122,19.865796,10.644761,0.002379
1487,0.765843,8.436696,29.363808,23.004452,0.619133,5.825226,14.738129,0.000109,19.482317,9.870968,0.00312
1488,0.682977,8.157245,27.196326,22.224975,0.799294,5.820325,17.185055,0.000111,19.388674,10.124346,0.002665
1489,0.763096,7.834531,22.515705,23.773279,0.728255,6.497859,11.400499,0.000114,19.933556,10.363946,0.003958
1490,0.699537,8.031332,26.422375,20.817934,0.887861,5.693122,17.767267,8.8e-05,19.089801,10.425404,0.002632
1491,0.759469,7.35153,29.056363,22.746182,0.528202,4.910456,24.867484,9.6e-05,19.817945,9.987273,0.002936
1492,0.717754,8.212738,24.913812,20.607947,0.800731,6.419831,22.476378,0.000174,20.061429,10.932947,0.003569
1493,0.727496,8.11555,26.032904,22.437281,0.858041,5.464183,18.28968,0.000113,18.924239,10.330468,0.002173
1494,0.743344,7.661017,24.780651,21.456811,0.82324,5.783283,17.828893,0.000118,19.246517,11.409347,0.003299
1495,0.743967,8.140196,26.032167,21.987356,0.696779,6.011865,22.450448,8.7e-05,20.627792,10.866601,0.002755
1496,0.701649,7.019555,28.928402,22.15405,0.746769,6.445606,12.755968,0.000114,20.021411,9.976146,0.003859
1497,0.758719,8.825725,24.967962,21.272529,0.715411,6.095834,17.987693,0.000114,17.505576,10.855778,0.002632
1498,0.779809,8.33286,24.090602,24.723919,0.675511,6.296198,9.443479,0.000127,19.933479,10.639942,0.002759
1499,0.75566,8.42118,25.222111,21.724319,0.626215,4.576202,19.501174,0.000167,20.423326,10.341291,0.003353
1500,0.732947,8.351457,22.742481,21.309398,0.591988,5.930401,19.357922,9.4e-05,19.202908,10.045739,0.003135
1501,0.751707,7.707097,23.3797,22.518068,0.813617,5.939312,17.89118,0.00014,20.143317,10.573179,0.003059
1502,0.772858,7.406508,23.520349,22.381433,0.897028,6.119721,14.036247,0.000121,18.807704,10.069575,0.003532
1503,0.824302,7.647355,23.983179,20.674274,0.737322,6.144641,10.203542,8.9e-05,18.900696,10.44545,0.002632
1504,0.75584,7.358489,22.94897,21.332371,0.866203,6.782624,16.380222,0.000123,19.558107,10.393036,0.00309
1505,0.768135,8.173495,27.263394,19.8752,0.738085,5.262474,14.191168,0.000111,19.750379,11.162151,0.00239
1506,0.763041,8.514441,30.566568,22.408058,0.819634,5.568771,18.538754,0.000102,19.94548,9.668962,0.00257
1507,0.734669,8.113777,25.25883,22.168399,0.736371,6.414737,22.182875,9.7e-05,19.726934,9.859783,0.002555
1508,0.752203,8.551219,27.133361,23.872977,0.748129,6.222311,13.633495,0.000134,19.458563,11.08216,0.002403
1509,0.729106,7.855954,26.111629,23.522947,0.897933,6.100068,9.02816,0.000119,19.909716,10.747322,0.002885
1510,0.822145,8.271813,28.315147,22.532478,0.75978,5.749379,19.543826,0.000136,19.645285,10.711918,0.002569
1511,0.707976,7.233046,28.152247,20.723644,0.604899,6.051809,14.61512,0.000111,18.062037,10.218822,0.002221
1512,0.713263,7.630207,24.752755,20.924644,0.825811,6.258686,18.831878,0.000143,19.790646,10.301802,0.002849
1513,0.738795,7.994217,27.751961,23.591765,0.625186,5.772074,26.99281,0.000117,19.216983,10.676425,0.003904
1514,0.72266,7.774209,26.823993,23.160009,0.699606,6.399945,7.463976,0.000103,19.374368,10.324923,0.003002
1515,0.725734,8.520611,27.40642,22.686166,0.801172,5.950142,21.601972,9.9e-05,19.063997,10.338889,0.00294
1516,0.7443,8.253278,29.030013,23.824535,0.778404,6.369811,19.018685,0.000122,20.420956,9.902403,0.003224
1517,0.712599,6.75564,25.099131,22.903469,0.784964,6.564952,11.769664,0.000122,18.728124,10.365361,0.002682
1518,0.70047,7.954712,24.139727,21.451403,0.860184,5.794545,11.30533,0.000171,20.138561,10.530854,0.00248
1519,0.746521,7.881102,22.93989,22.259278,0.905185,6.703919,14.193493,0.000131,20.082607,10.287904,0.003137
1520,0.798323,7.590089,23.571907,20.231953,0.792779,5.669467,18.194673,0.000132,19.69708,10.735105,0.002577
1521,0.782378,8.816569,23.516214,22.146011,0.776974,6.009956,18.826701,0.000124,20.348654,10.323615,0.00264
1522,0.799979,8.353396,25.82085,22.392019,0.805408,5.731812,18.186322,0.000124,19.69928,10.632847,0.003309
1523,0.681476,7.285455,26.518159,21.126456,0.783618,5.536715,37.422271,0.000135,19.595417,10.143321,0.002286
1524,0.750128,8.586504,24.43723,23.923046,0.85943,5.345701,19.02688,0.000141,20.455985,10.346027,0.003932
1525,0.75589,8.203657,22.990832,22.173148,0.85606,4.968032,7.296368,8.1e-05,19.3454,10.536924,0.002613
1526,0.761643,7.103629,27.236377,22.644156,0.60839,5.965239,26.542843,0.000121,19.787338,10.753998,0.003242
1527,0.746345,7.666833,27.273501,20.719335,0.765396,5.733291,14.226393,9.8e-05,19.581393,9.714732,0.002865
1528,0.766594,9.022461,26.42745,22.315197,0.587448,5.918823,9.808439,0.000119,19.790947,11.122583,0.004353
1529,0.757514,8.722712,25.674979,23.60104,0.829823,5.372458,12.422116,0.000101,19.226951,10.148043,0.002966
1530,0.763991,7.445308,27.350689,20.724335,0.743587,7.01721,11.006727,0.000122,19.326428,10.772283,0.00264
1531,0.757158,8.991392,29.898366,22.16683,0.617943,5.709018,15.492347,0.000109,19.728842,9.696461,0.002973
1532,0.753534,7.169517,26.68827,23.002242,0.787249,6.162623,12.451875,0.000121,19.536931,9.656861,0.003396
1533,0.742914,7.711048,25.413528,20.698378,0.760419,6.230796,13.771877,0.000157,19.669781,9.638421,0.002968
1534,0.745684,8.807585,26.363349,22.252417,0.782964,5.909453,8.497746,7.6e-05,20.459834,10.524388,0.002064
1535,0.715083,9.52134,25.663693,21.191765,0.694698,6.08833,15.871234,0.000135,19.876502,9.861247,0.003316
1536,0.744683,7.176066,23.547079,22.577563,0.916929,6.567641,13.33907,0.000137,21.914596,9.955654,0.003546
1537,0.783886,8.057014,26.11663,21.724596,0.63445,5.94336,11.534599,0.000108,19.255431,9.852584,0.003777
1538,0.749623,8.932216,24.07905,24.671745,0.777757,6.658649,11.46677,0.000133,19.886331,10.036556,0.003151
1539,0.75433,8.509383,23.592676,23.176875,0.766329,5.56252,14.534781,7.7e-05,19.655027,10.496538,0.002245
1540,0.821129,8.732746,29.813429,21.474051,0.840716,6.766593,22.232533,0.000121,19.874921,10.749406,0.002797
1541,0.77583,8.59998,26.255669,24.438035,0.655885,5.951804,10.611611,0.000115,19.087964,10.117524,0.002971
1542,0.777269,7.058569,27.858915,20.600743,0.574405,6.839474,18.994514,8.8e-05,18.743169,10.180662,0.004404
1543,0.789436,7.975565,25.125585,22.86212,0.924693,6.101062,16.007349,0.000124,20.329738,10.319737,0.00281
1544,0.724909,7.775189,28.071895,23.329292,0.612488,5.944722,23.520592,8.5e-05,19.474534,10.903565,0.004231
1545,0.763119,8.855911,27.030686,22.080428,0.786683,6.18015,9.847668,0.000137,19.098333,10.434726,0.002747
1546,0.788865,8.578866,23.838904,21.777559,0.835057,6.919785,17.594012,0.000119,19.467058,9.475407,0.003194
1547,0.718102,8.380768,25.712037,20.765791,0.637308,6.843613,21.291938,0.000111,19.085767,10.831925,0.002459
1548,0.751658,8.308773,27.247103,24.740116,0.903182,5.871531,13.702829,0.000104,20.346821,10.721474,0.003296
1549,0.781253,7.10264,25.640387,19.056029,0.833891,5.525393,13.850345,0.000126,19.982962,10.348582,0.002548
1550,0.753492,7.890499,29.087171,21.583697,0.6337,6.466251,15.259728,8.8e-05,19.463563,9.920012,0.001964
1551,0.766437,8.152533,24.13685,22.058626,0.790838,7.217224,8.299162,0.000121,19.09533,10.491102,0.002618
1552,0.742058,8.881578,25.137062,21.280832,0.789924,6.332135,17.034681,0.000121,19.594371,10.58181,0.003713
1553,0.741775,6.669414,25.301012,20.703943,0.749002,6.002388,9.525056,0.000126,20.144077,10.466716,0.00299
1554,0.705456,8.715723,26.777614,23.483853,0.766164,5.913337,15.995783,0.000114,20.093896,10.254996,0.002882
1555,0.775029,7.867343,26.641243,25.803444,0.576515,5.93011,12.294957,0.000126,19.163598,9.827401,0.003228
1556,0.761736,8.118529,24.957027,25.210614,0.807299,5.569154,19.716642,7.9e-05,19.292462,10.305963,0.00347
1557,0.819396,8.359559,24.035253,23.547445,0.692121,5.971421,8.686058,0.000154,19.696674,10.414551,0.002444
1558,0.683468,8.393494,25.102083,21.551999,0.760965,6.16813,11.759754,0.000118,20.784283,10.259054,0.003425
1559,0.750539,8.029205,24.99782,21.921851,0.701561,5.782058,19.237404,0.000121,18.952449,11.105741,0.003034
1560,0.746423,7.688863,30.103939,23.783164,0.76792,5.346457,10.137283,0.00013,18.768775,9.94026,0.002978
1561,0.735913,8.076397,26.468617,23.82087,0.823739,5.16683,20.61302,0.000108,19.503422,10.316972,0.003851
1562,0.71642,7.58527,26.117358,21.390516,0.81681,6.163288,15.896817,8.2e-05,19.774794,10.317743,0.002817
1563,0.736888,8.381619,26.519704,22.479166,0.875433,5.967649,9.844549,9.8e-05,19.651842,10.812655,0.002049
1564,0.783819,8.283122,27.638325,24.277396,0.706143,5.798695,13.008605,0.000153,19.781017,10.92863,0.003542
1565,0.764962,8.626307,26.035886,20.456782,0.781966,5.946447,13.557592,0.000121,19.0436,10.509246,0.00402
1566,0.782728,7.904006,23.084328,21.110415,0.79496,6.355614,11.100924,0.000126,19.812957,10.05941,0.002328
1567,0.736548,8.000564,25.876148,22.161187,0.757123,5.95417,10.059281,9.9e-05,19.054592,10.464903,0.003505
1568,0.720027,7.476872,24.837056,21.688632,0.810107,5.087751,11.313979,0.000125,18.746062,10.559288,0.003672
1569,0.738234,8.227041,26.000634,21.278573,0.646698,6.418178,16.146811,6.5e-05,19.510468,10.161136,0.002344
1570,0.733987,8.080371,29.014182,22.317387,0.753522,6.134788,24.539676,8.1e-05,18.51393,10.019306,0.00351
1571,0.808725,7.699405,23.351747,21.974761,0.785577,6.000548,19.442098,9.8e-05,19.310062,9.97256,0.002873
1572,0.688994,8.139128,24.343973,22.151248,0.829712,6.046724,16.702069,0.000136,18.751481,10.5031,0.002394
1573,0.749367,7.676025,27.23337,22.136488,0.601278,6.096577,13.859176,0.000143,19.302764,10.113238,0.0036
1574,0.734454,8.417192,26.081845,23.879677,0.879356,6.058591,10.866372,0.000115,19.189303,10.037859,0.00266
1575,0.727975,8.780788,27.238224,23.112828,0.75627,5.85439,12.576124,0.000116,18.831011,9.708333,0.002025
1576,0.768496,7.841053,26.957636,24.036749,0.829221,5.731802,16.239693,9.3e-05,20.014165,10.445318,0.002931
1577,0.690814,7.663679,27.501513,22.118939,0.727615,5.820665,16.93126,0.000136,19.292457,10.868848,0.003319
1578,0.689057,7.158534,23.794385,22.635916,0.76961,5.537287,13.037281,0.000193,19.52677,10.518662,0.002117
1579,0.741344,8.082663,28.151754,22.737649,0.888871,5.313236,10.917144,8.5e-05,20.747465,10.407893,0.002966
1580,0.732283,7.862219,27.124046,22.989394,0.776216,6.313084,12.48009,9.2e-05,19.219969,10.297516,0.00293
1581,0.720051,8.183086,25.29846,20.748223,0.684095,5.694156,9.182774,0.000129,17.83617,10.454214,0.002153
1582,0.793776,9.042873,27.137241,23.029621,0.84786,4.973294,9.018884,9.6e-05,19.426677,10.768876,0.002823
1583,0.742176,7.427617,26.206985,21.289388,0.667203,5.937493,17.376011,0.000115,19.118866,10.460174,0.002825
1584,0.701569,7.898389,23.258711,19.044996,0.779614,6.203059,12.553321,0.000138,19.186295,10.609726,0.003249
1585,0.758896,8.872048,27.702644,22.894195,0.693518,5.693646,16.967269,0.000138,19.675383,10.347839,0.002826
1586,0.723256,8.562954,27.204619,24.118693,0.703873,5.714028,15.510657,0.000186,18.95641,10.413272,0.002917
1587,0.795834,8.446691,27.457473,24.723716,0.75894,6.747788,10.691592,9.9e-05,19.770861,10.128451,0.002796
1588,0.733703,7.981267,26.439472,23.544208,0.839468,7.121627,11.782158,8.7e-05,19.346905,10.720967,0.003177
1589,0.762707,8.713939,26.886931,24.097892,0.666063,6.277613,14.315287,8.7e-05,19.714632,10.628956,0.003415
1590,0.738497,7.68491,25.054932,21.73188,0.614636,5.577304,13.562621,9.4e-05,18.835501,10.493185,0.002346
1591,0.855746,7.529132,25.319697,21.477603,0.738738,5.539512,18.142415,8.3e-05,19.472,10.956015,0.002376
1592,0.793916,7.371343,25.473012,20.238112,0.841621,6.995147,17.320758,0.000126,18.623125,10.172654,0.003886
1593,0.744072,8.120156,26.527444,21.248748,0.760735,6.357473,18.118066,0.000126,19.506677,10.135826,0.003036
1594,0.722167,7.74529,28.611931,21.505951,0.620679,5.756262,16.549713,0.000115,19.05016,9.763257,0.003753
1595,0.740905,7.907037,25.9102,22.973204,0.873326,6.037433,17.545571,0.000117,20.281524,11.044735,0.003539
1596,0.700214,7.220311,23.22056,24.189332,0.711493,5.464913,19.223067,0.000195,18.77418,10.521608,0.003553
1597,0.739358,8.226043,26.640503,23.512574,0.592521,5.836441,16.205776,9.4e-05,20.092385,10.486859,0.003478
1598,0.764396,7.930412,27.853424,25.480839,0.644769,5.160222,17.08944,0.000113,20.553639,10.87863,0.002166
1599,0.708815,7.871023,25.396618,20.521023,0.693737,5.168442,16.34229,0.000115,19.03106,10.125635,0.002811
1600,0.737218,8.819503,25.763985,21.591743,0.973293,5.26942,14.119829,9.1e-05,20.388791,10.370266,0.003452
1601,0.710944,7.222193,24.599422,22.249837,0.780622,5.564515,20.282009,0.000158,20.257343,10.531278,0.00391
1602,0.743923,8.267867,26.206469,19.748276,0.670201,5.970948,15.081663,7.6e-05,19.115282,10.375126,0.002793
1603,0.723424,7.762121,25.577741,21.097558,0.797362,6.756652,25.808383,0.000167,19.718443,9.962875,0.00258
1604,0.775517,7.951969,23.210994,20.48498,0.708228,5.754261,13.957642,0.000167,19.628375,10.360483,0.002548
1605,0.751421,7.779191,26.967052,20.411313,0.826117,5.959986,25.025309,0.000121,19.955383,10.254164,0.002431
1606,0.720087,8.601076,27.674092,22.804065,0.642105,5.593266,17.868273,0.000159,19.419726,10.884534,0.004322
1607,0.741516,9.39856,28.752785,21.897398,0.769163,6.232732,14.384969,0.000109,19.17156,11.230865,0.00239
1608,0.740869,7.898342,26.368773,22.172186,0.736132,5.842037,21.368104,0.000123,18.632428,9.701388,0.003168
1609,0.759208,6.990335,25.05146,20.954817,0.690714,5.921427,18.012229,0.000155,18.821158,10.232682,0.003174
1610,0.742835,8.043203,26.631112,22.943424,0.90943,5.542414,27.139011,0.000155,19.539308,9.717976,0.002224
1611,0.77482,8.04803,26.129616,23.331794,0.769148,5.520567,8.605714,0.000105,19.338397,10.311839,0.003105
1612,0.723117,8.974629,25.886706,24.331414,0.72458,6.171169,20.695387,8.7e-05,19.942193,11.28345,0.00267
1613,0.728716,8.269395,25.187441,22.850555,0.613386,6.031295,19.394837,0.000142,18.534717,10.545257,0.003579
1614,0.725431,6.999655,26.239316,21.708761,0.873061,6.141277,20.10046,0.000192,19.006467,10.548156,0.002957
1615,0.746058,7.052989,24.18414,21.581034,0.81354,5.672186,17.809762,0.000138,20.339699,10.007226,0.005021
1616,0.781913,8.58263,25.461281,23.420475,0.692898,5.647487,17.873339,0.000103,20.022294,9.896978,0.002593
1617,0.79252,8.540264,26.922636,22.931691,0.74069,5.731693,12.186154,8.8e-05,19.739125,10.652488,0.005148
1618,0.734464,7.683418,27.636057,26.191696,0.87137,5.27725,16.19936,8.1e-05,20.28227,10.450153,0.003138
1619,0.764747,8.075804,24.219802,19.607364,0.768951,6.594982,9.790059,0.000133,18.818214,10.055222,0.002429
1620,0.764356,8.538552,24.878207,19.339557,0.848121,6.612274,20.601713,8.9e-05,18.952695,9.706844,0.003555
1621,0.743955,7.949392,24.733135,23.909892,0.680789,5.994332,13.461356,7.9e-05,20.901718,10.593888,0.002773
1622,0.698713,8.521148,27.123948,21.533873,0.732495,6.427367,15.024032,0.000162,20.562906,10.631453,0.002939
1623,0.784598,7.179955,24.597679,21.032219,0.708585,5.73267,13.990313,0.00013,19.089027,10.892743,0.002328
1624,0.731599,7.206948,25.077161,25.471675,0.849038,6.290672,27.726389,0.000142,18.668491,10.214709,0.003402
1625,0.727423,7.626799,25.834448,22.001477,0.730026,6.004168,13.588883,0.000143,19.403454,10.611225,0.003638
1626,0.734005,7.723945,24.798527,21.297814,0.810361,6.651144,8.939734,9.1e-05,19.877331,10.088973,0.002453
1627,0.717035,8.428731,25.106897,21.137271,0.675842,6.055238,18.045255,0.000122,20.041905,10.097769,0.001826
1628,0.744618,8.243003,28.858245,22.742956,0.865333,5.545541,12.180848,9.5e-05,19.743364,10.95622,0.003345
1629,0.720397,7.329262,23.370247,21.448815,0.775212,6.473227,18.136411,0.000146,19.405432,10.31714,0.002571
1630,0.784776,8.578311,25.03914,21.249438,0.70724,5.560019,14.190014,7.6e-05,19.073745,10.165078,0.003373
1631,0.762505,8.720219,25.926616,22.634187,0.73583,6.141794,16.31419,0.000147,18.980243,11.040914,0.003587
1632,0.743923,7.543747,27.226409,24.018879,0.624113,6.176198,14.362005,0.0001,19.387055,10.718872,0.003357
1633,0.695958,8.350922,23.816557,20.468695,0.737687,5.331294,17.360061,0.000117,20.333304,11.043551,0.003164
1634,0.726709,8.261794,24.238921,20.700545,0.717182,6.593262,18.239625,0.000131,19.167595,10.592544,0.002891
1635,0.783721,7.868334,27.534968,23.883452,0.693528,6.50118,7.375197,0.000165,19.819253,10.109062,0.002793
1636,0.726359,8.475758,25.681996,23.411992,0.717569,7.161615,10.616558,0.000105,19.961278,10.52726,0.00355
1637,0.734149,7.151826,25.606734,21.057281,0.740376,6.55385,5.537953,0.000123,19.909186,9.63821,0.003178
1638,0.762653,8.051379,25.448476,22.846501,0.749583,5.821796,11.958601,8.1e-05,19.143268,9.655286,0.003078
1639,0.743627,8.373061,25.69106,21.896828,0.766367,6.290697,13.556226,0.000134,18.608252,10.295394,0.003112
1640,0.789362,7.640127,26.12475,20.346716,0.786932,5.44705,18.545321,0.000105,19.71115,10.812935,0.002664
1641,0.706782,8.443996,26.704404,23.38822,0.79663,5.654557,15.520667,0.000116,18.471062,10.278042,0.003065
1642,0.768573,8.505379,26.158195,23.030192,0.715846,5.531175,12.735403,0.000145,19.754486,10.839478,0.003065
1643,0.722439,6.575548,25.329787,21.595903,0.698806,6.414165,22.460084,0.000177,19.406931,10.103889,0.002349
1644,0.701709,6.564195,25.308651,24.306251,0.78399,5.619088,9.576514,0.000125,18.742475,10.410558,0.002598
1645,0.753133,8.626125,27.898367,21.443531,0.7303,6.689277,10.180133,0.000116,19.338888,10.240767,0.002767
1646,0.76712,7.563253,25.840497,21.287845,0.999309,6.250385,13.740323,0.000176,19.424741,10.753972,0.003343
1647,0.712626,7.686226,24.35557,26.119101,0.687462,5.827379,20.855504,8.3e-05,19.953138,10.235686,0.001716
1648,0.794107,8.93967,25.420918,19.491765,0.72919,5.532498,26.084219,0.000123,19.837651,10.66973,0.00244
1649,0.794286,8.030719,27.527514,20.925881,0.686271,5.863698,10.126508,0.000115,19.798509,10.815897,0.002257
1650,0.720988,8.622453,23.751549,21.385334,0.622679,5.353288,10.412298,9.1e-05,19.745293,10.160926,0.003316
1651,0.715522,8.253673,25.127085,21.36965,0.661455,6.298068,15.872542,0.000109,19.73508,10.168638,0.003745
1652,0.721422,8.284996,22.872283,20.510614,0.916325,6.142336,13.855878,0.000122,19.423576,10.644657,0.002825
1653,0.740735,7.052656,24.058919,19.109309,0.788746,6.38635,18.250304,8.5e-05,19.064042,9.687978,0.003604
1654,0.721408,8.366576,27.005596,23.015702,0.707531,6.770576,13.367506,0.000127,19.720383,11.156917,0.003521
1655,0.724323,7.540115,29.643296,23.491029,0.718635,5.96245,11.932601,0.000114,19.494735,10.255315,0.00168
1656,0.784963,7.501945,28.069917,23.553797,0.690111,5.974218,8.7334,0.000117,20.085654,10.563349,0.002808
1657,0.706143,7.680634,26.826057,23.021947,0.670065,5.936406,29.540198,0.000189,20.544482,11.027002,0.002768
1658,0.730114,8.369371,30.473744,25.328972,0.621005,5.039957,17.610551,0.000107,20.543475,10.018896,0.001984
1659,0.785488,7.824817,25.384548,22.617197,0.67778,5.194913,17.635676,0.00013,19.211196,10.172403,0.002985
1660,0.766267,7.408891,25.060018,22.764867,0.830341,5.656177,10.240463,0.000108,19.664427,10.740152,0.002453
1661,0.716257,7.506635,25.370265,23.362938,0.864972,5.683231,12.550391,9.5e-05,18.934019,9.752203,0.002535
1662,0.773526,8.212192,26.77509,21.866596,0.751005,6.574007,12.26003,0.00013,19.407355,10.465163,0.002614
1663,0.734374,6.865471,25.300391,21.67382,0.756952,5.747434,12.304277,0.000133,19.373981,10.238161,0.003033
1664,0.737034,7.604821,24.97151,23.747258,0.716562,6.784025,18.461541,9e-05,18.276804,10.87783,0.003691
1665,0.736139,9.566932,27.219022,24.233722,0.848504,6.415987,15.135125,8.5e-05,19.122708,9.843864,0.003456
1666,0.775972,7.655236,26.662071,20.817958,0.720924,6.395872,17.466954,0.000106,18.875363,10.416973,0.002835
1667,0.732815,8.189284,24.883682,21.843141,0.646379,6.434712,16.281846,0.000132,20.610159,9.279268,0.002045
1668,0.73185,8.015074,25.696852,23.834641,0.973623,6.075843,9.445488,0.000147,19.911799,10.351699,0.002769
1669,0.8,8.029882,26.224456,19.512333,0.697458,5.9953,23.332315,8.9e-05,19.720774,10.698568,0.003371
1670,0.732556,8.458774,25.189016,21.705378,0.898824,7.329336,13.107525,8.9e-05,20.223797,10.611913,0.002744
1671,0.731337,7.737255,25.919942,21.833276,0.701851,6.226735,12.368741,9.2e-05,19.432398,10.657222,0.003253
1672,0.723419,7.891145,27.091603,25.042969,0.768426,5.284295,12.169024,0.000116,20.049873,10.621442,0.002799
1673,0.72321,7.00373,23.473486,22.029337,0.710249,6.068637,13.858644,0.000139,19.412691,9.881262,0.003337
1674,0.718349,7.765362,23.012797,22.101351,0.830696,6.090741,11.440115,0.00011,19.479797,10.247519,0.003105
1675,0.800913,8.455468,29.987861,24.044645,0.684017,5.457198,18.550593,9.4e-05,20.13182,10.188997,0.003145
1676,0.729912,7.504797,21.32529,21.80037,0.794767,5.730374,13.555185,9.9e-05,19.15007,10.419825,0.002877
1677,0.75147,7.683956,27.179696,22.120206,0.877426,5.629552,17.075381,9.5e-05,19.517262,10.428668,0.003749
1678,0.710483,7.586595,24.936949,20.647021,0.729736,5.618802,23.874326,0.000131,18.978217,10.400024,0.003023
1679,0.704506,8.277508,26.457313,23.516067,0.568213,5.457555,9.462821,0.000109,19.333954,10.195313,0.003841
1680,0.712685,6.934822,24.196931,20.978581,0.85079,5.751455,16.423044,0.00011,19.117083,9.686941,0.00259
1681,0.751083,8.317127,25.186695,23.924012,0.688307,6.25022,14.827831,0.000137,18.909598,10.757005,0.003639
1682,0.713781,8.528012,25.047291,23.270352,0.723128,5.993772,14.377629,0.000155,19.301928,10.447907,0.002689
1683,0.808681,8.58481,25.070664,24.486675,0.584421,5.983949,12.301105,0.000185,19.857623,10.699007,0.002492
1684,0.749931,8.638453,24.963385,24.124425,0.619241,5.736113,11.237372,0.000173,18.924433,10.347588,0.002547
1685,0.710855,7.525524,24.609657,22.673827,0.741611,6.346581,20.911137,0.000129,19.620155,10.209737,0.003
1686,0.757277,7.872104,26.60739,22.955971,0.794278,6.636755,12.122721,0.000136,19.788363,10.445622,0.003211
1687,0.718377,7.610386,24.789048,19.939341,0.732124,6.824747,12.106124,9.9e-05,19.482782,11.028978,0.002985
1688,0.753426,8.377216,22.980226,22.418701,0.84013,6.237973,17.59302,0.000111,19.170461,10.367348,0.003805
1689,0.744216,8.236952,26.598303,22.004043,0.738125,6.913721,15.310929,0.000148,19.926637,10.086386,0.003344
1690,0.730583,7.966728,27.049824,24.877327,0.821082,5.658676,16.265344,0.000127,20.317575,10.992755,0.002902
1691,0.759608,8.557277,28.13873,21.409733,0.785132,6.604712,14.344032,0.000147,20.001058,10.752864,0.004161
1692,0.76,8.059988,25.875179,23.61847,0.777579,5.741662,15.296511,0.000116,19.054491,10.511793,0.002448
1693,0.819184,7.127459,23.794796,21.410248,0.698083,5.572862,11.080219,0.000109,19.827402,11.039348,0.002891
1694,0.779087,8.521774,24.467692,20.314904,0.709451,6.406623,12.135786,0.000145,19.42524,10.271734,0.002271
1695,0.813042,8.325015,26.969636,23.582818,0.777442,5.306669,9.850245,0.000142,19.408315,10.0728,0.002312
1696,0.804132,8.503651,25.518431,21.575729,0.686387,5.902887,13.691042,0.000117,20.036638,10.903143,0.00234
1697,0.737955,8.468895,28.315412,23.632175,0.714993,4.893451,12.465601,0.000117,20.088174,10.077601,0.002203
1698,0.798921,7.755151,28.143593,21.255511,0.721247,5.931818,10.663272,9.6e-05,18.872338,9.690827,0.003523
1699,0.764758,7.740228,24.643609,21.973719,0.875336,5.953466,14.302546,0.000136,19.063449,10.676296,0.002157
1700,0.748407,7.352283,23.311087,20.744198,0.849442,7.022395,13.626199,0.000103,19.490475,10.08313,0.002893
1701,0.735302,9.559236,26.773051,20.533423,0.790892,5.970256,16.533621,0.000115,19.887339,10.534683,0.002118
1702,0.769354,8.046495,24.857995,22.193069,0.786944,6.394166,13.432103,0.000133,19.755122,11.126171,0.003425
1703,0.689054,8.309656,27.158194,21.87023,0.771775,4.842989,13.037293,8.9e-05,19.964463,10.259266,0.002933
1704,0.698836,7.464887,25.307655,23.888878,0.704094,5.480109,9.026898,9.4e-05,19.476767,10.845783,0.002748
1705,0.744127,7.894695,27.743672,21.439472,0.597421,4.90621,32.426444,0.000226,20.316243,10.718262,0.002705
1706,0.747631,8.552637,27.629996,20.597416,0.825491,5.804743,10.468348,9e-05,19.261833,9.873421,0.0033
1707,0.783916,8.413188,26.682693,22.766108,0.580838,5.563613,12.964596,0.000121,18.896927,10.376889,0.00299
1708,0.753337,7.945256,26.851418,22.098359,0.767075,4.895393,16.988124,0.00014,19.256859,10.557791,0.004097
1709,0.682677,7.951751,24.173355,22.366551,0.723376,6.360441,14.226005,0.00011,19.769959,10.245598,0.003771
1710,0.775184,7.406617,23.058805,22.36322,0.919663,6.148136,18.270637,0.000149,19.807292,10.120237,0.002122
1711,0.747153,9.122694,26.071714,20.569623,0.91672,5.913041,19.582253,0.000148,20.583114,10.417645,0.002023
1712,0.743185,7.854471,26.103481,23.428422,0.934274,6.930228,18.05844,7e-05,19.586595,10.877127,0.002745
1713,0.743638,8.66111,27.386783,18.460357,0.747151,6.195243,10.768529,0.000123,20.178205,10.499837,0.003416
1714,0.736545,8.375363,24.179159,21.856005,0.68319,5.514092,17.782319,0.000109,18.438713,10.878178,0.003425
1715,0.757906,7.908991,30.14826,23.625239,0.668692,6.116912,14.605838,8.6e-05,21.0615,10.67264,0.002602
1716,0.787395,7.578231,23.111707,19.663545,0.869783,6.438148,23.265912,0.000108,19.802695,9.746786,0.00248
1717,0.785462,8.409547,23.228487,22.512873,0.766171,6.074581,13.14663,9.5e-05,19.865504,10.430936,0.003613
1718,0.745919,7.239054,25.879233,21.991376,0.7734,5.842514,12.57944,0.000113,19.477564,10.295952,0.003681
1719,0.73383,8.650109,25.844052,21.523542,0.740346,5.416184,13.220754,8.9e-05,19.696708,10.763698,0.004313
1720,0.760596,8.873191,26.943872,22.598547,0.76333,6.208277,16.897494,0.000151,19.033705,10.667597,0.002997
1721,0.723926,8.442851,28.578405,20.352584,0.584027,6.791567,29.558506,0.000128,20.402457,10.294526,0.003299
1722,0.724925,8.785319,28.672932,22.314503,0.606054,6.21829,11.694086,8.5e-05,19.124944,10.499505,0.003502
1723,0.709618,7.230991,27.134315,23.876623,0.768426,6.672439,16.745601,8.2e-05,19.475333,10.609773,0.003394
1724,0.725301,8.133043,25.827236,22.481986,0.732435,4.823547,11.043008,0.00013,19.356472,10.894929,0.004622
1725,0.763239,8.386292,26.139649,23.093446,0.738191,6.263492,15.934798,0.000101,21.073984,10.239866,0.003985
1726,0.780868,8.154102,26.31701,23.473723,0.793701,5.621522,14.143555,9.1e-05,20.200343,10.118669,0.002727
1727,0.692443,7.412858,25.427087,21.123196,0.812925,5.375077,9.025222,0.000127,18.889803,10.527496,0.00386
1728,0.738148,7.691187,24.418714,23.778698,0.615972,6.004286,14.788738,7.7e-05,19.923834,9.989559,0.003058
1729,0.72257,8.681604,28.93424,24.105858,0.685276,5.819688,14.105213,0.000112,19.318529,10.08907,0.002225
1730,0.786013,7.947515,24.401351,23.942817,0.709665,5.504073,12.027142,0.00014,19.25685,10.429886,0.002369
1731,0.723479,7.763299,26.587117,23.057461,0.623543,6.430082,14.947781,9.8e-05,20.313764,9.829943,0.003718
1732,0.751907,8.501806,28.785156,23.722597,0.819793,5.724732,17.696568,0.000124,18.971125,10.170544,0.002497
1733,0.685396,7.659201,23.347555,22.131327,0.813593,6.167294,21.099202,0.000143,19.989002,10.341779,0.002644
1734,0.727844,7.411881,26.080529,21.309221,0.833236,5.941934,14.100752,0.000104,18.951188,10.511098,0.003006
1735,0.815365,8.508937,28.242234,21.7757,0.897583,7.213617,22.003488,0.000118,19.55812,10.320219,0.001985
1736,0.72271,7.728547,27.187215,20.326426,0.801162,6.719396,19.434522,0.000142,20.332128,10.015928,0.002117
1737,0.771668,8.753405,28.146905,23.371477,0.807176,5.67409,15.901665,8.1e-05,19.192654,10.19055,0.002781
1738,0.691507,7.980185,28.023758,22.100363,0.887014,6.393154,17.524724,0.000101,18.778531,9.464224,0.002068
1739,0.74253,8.916942,25.01071,21.015224,0.684537,5.383202,17.254976,0.000103,18.458,10.3385,0.003863
1740,0.745546,7.152266,22.795533,23.684538,0.786309,5.211867,15.454674,0.0001,18.766969,10.641049,0.002755
1741,0.723545,7.843522,25.640335,20.730065,0.761381,5.299764,23.793951,0.000167,18.324551,10.782195,0.003452
1742,0.768273,8.250225,24.880532,20.877082,0.817158,6.243375,9.76933,0.000106,19.471527,10.739195,0.003031
1743,0.732432,8.437497,26.840503,22.188236,0.777266,6.549922,12.909914,0.000124,19.305152,10.726072,0.005024
1744,0.813252,8.276821,27.268215,23.076871,0.791908,6.374793,15.523167,0.000111,19.080716,10.32066,0.00245
1745,0.735582,8.27063,24.654185,24.011917,0.7358,5.647029,16.06726,0.000162,19.331199,10.267327,0.003853
1746,0.701805,7.031445,22.742016,22.899204,0.739695,5.784102,20.192747,0.000195,19.572302,10.001091,0.002035
1747,0.789738,7.363077,24.584509,23.52269,0.76008,6.149948,17.352826,0.000127,20.126355,11.611997,0.003632
1748,0.745752,8.298056,28.261666,21.989759,0.789567,5.268699,9.60424,9.4e-05,19.177191,10.461162,0.002865
1749,0.731047,8.068977,24.917264,23.42485,0.695604,6.605602,14.809313,0.000127,19.756949,10.934267,0.003547
1750,0.823097,7.64625,22.622805,20.450076,0.682889,5.629798,17.059205,0.00017,18.776156,10.26528,0.004196
1751,0.740189,7.872423,22.404984,21.762333,0.7181,5.630327,19.598529,0.000175,20.999659,11.000498,0.003395
1752,0.768233,8.083912,26.948081,21.413061,0.575334,5.496329,16.142182,0.000105,20.05793,10.772966,0.003112
1753,0.747296,8.983779,24.986714,21.046568,0.711645,6.230211,10.822104,9.5e-05,20.680191,10.520298,0.00332
1754,0.72451,8.106465,25.854223,22.488387,0.738145,5.869652,11.878411,0.000114,19.905643,10.309262,0.002518
1755,0.752333,8.076902,23.470747,22.791432,0.751536,6.10018,13.519585,0.000133,21.698518,11.150322,0.002936
1756,0.813187,9.417655,25.3103,21.386962,0.622201,6.621863,12.422678,8.6e-05,19.141508,9.553451,0.002389
1757,0.704025,7.237174,22.857497,21.941138,0.797122,6.100983,14.839897,0.000134,18.740225,10.989259,0.002763
1758,0.726688,8.033524,24.448275,23.785715,0.791802,6.330627,12.215424,0.000153,19.352592,10.393861,0.002701
1759,0.712797,7.272876,25.102168,21.340129,0.807366,6.46735,14.046222,8.7e-05,19.496043,9.99352,0.002439
1760,0.695753,7.947265,24.849999,19.909433,0.681734,5.692308,12.6251,0.000134,19.705586,9.94871,0.002848
1761,0.745522,7.957056,24.093594,23.900111,0.833176,6.240871,11.455657,0.000209,18.492292,10.454557,0.002319
1762,0.697281,7.144076,25.042928,21.422669,0.631061,5.641724,14.654662,0.000156,20.016174,10.330927,0.002402
1763,0.773744,7.780826,24.528651,23.692163,0.67743,6.585899,18.822112,9.5e-05,18.368041,10.271347,0.002747
1764,0.753654,7.02778,22.784559,19.428787,1.150045,6.248425,10.419711,0.000182,19.658701,10.31036,0.004419
1765,0.756863,7.237379,26.249352,21.749044,0.690894,5.599537,15.150387,0.000128,19.70975,11.328678,0.002579
1766,0.767828,7.434148,23.971283,19.138967,0.72371,6.76061,15.443142,0.000192,19.952762,9.596515,0.002863
1767,0.781976,8.576821,27.484118,21.96048,0.717463,5.45076,9.85764,0.000179,19.662867,10.303389,0.002734
1768,0.705396,8.599988,27.692743,25.535218,0.61707,7.084993,12.848786,0.0001,18.926805,10.979398,0.003065
1769,0.747297,7.780817,28.315717,21.882495,0.760813,6.264662,16.400592,0.000156,20.42471,11.128931,0.00306
1770,0.812598,8.436878,26.639327,20.392007,0.770874,5.884279,24.666791,0.000128,22.379786,10.836222,0.003704
1771,0.733006,7.534849,26.799185,22.264228,0.780695,6.149288,13.576805,7.8e-05,19.751898,10.667609,0.003179
1772,0.806344,7.453872,27.028903,21.351851,0.730704,6.752353,13.025625,0.000106,19.412386,10.389599,0.002644
1773,0.750136,8.695593,25.945287,21.576652,0.755936,5.90976,17.675059,0.000149,19.851205,10.523026,0.002584
1774,0.81346,8.371883,26.886394,22.292643,0.560331,5.179332,15.276459,0.000168,20.507629,10.108894,0.002771
1775,0.723168,7.414466,24.026146,21.501118,0.87728,5.402984,17.771414,0.000203,19.491035,10.019398,0.003182
1776,0.710047,8.968401,24.733839,23.026624,0.836985,6.033145,12.986649,0.000156,19.161364,10.070317,0.002054
1777,0.786995,7.893958,25.762641,21.17408,0.698288,6.264519,18.58069,0.00012,20.225876,10.2269,0.002047
1778,0.684966,7.103964,24.930908,23.844687,0.924214,6.170647,14.179228,0.000117,20.395013,10.731577,0.004696
1779,0.692734,8.433586,25.132538,23.596528,0.724861,5.97732,13.853561,0.000126,19.19519,10.025194,0.003002
1780,0.823211,8.686315,26.037428,21.594345,0.883887,5.105892,16.127426,0.000119,19.710667,10.905958,0.003525
1781,0.722988,7.866689,26.373374,23.617403,0.761093,6.076479,18.246398,0.000179,19.538439,11.135457,0.002889
1782,0.717401,8.231308,30.233891,22.733585,0.728787,5.643524,14.556251,0.000142,19.604911,10.420613,0.004081
1783,0.729428,7.67115,23.244168,22.723922,0.813528,6.108133,14.761216,0.000115,19.151074,10.170494,0.004345
1784,0.810307,8.74169,29.625194,25.448119,0.723947,5.125291,14.322921,0.000103,19.428437,9.822784,0.002524
1785,0.761713,8.195104,25.419778,18.880124,0.676508,6.645764,15.926727,0.000133,19.112596,10.426485,0.003202
1786,0.707605,8.200443,26.928646,24.888336,0.673909,5.782609,25.275429,0.000114,19.601414,10.553227,0.002917
1787,0.686266,8.220057,29.417855,24.748411,0.766881,5.847747,16.269963,8.6e-05,19.348686,11.050025,0.002088
1788,0.80951,7.909858,26.337101,21.858606,0.83147,5.599354,22.430762,0.000115,20.042415,10.384487,0.002409
1789,0.732857,7.508727,25.367979,23.530588,0.75648,6.074894,11.271389,0.00011,20.236129,10.247496,0.002161
1790,0.723954,7.115936,24.509904,21.853048,0.843798,6.550828,22.460898,0.0001,19.819393,10.129585,0.002986
1791,0.769904,7.937338,29.0079,22.255177,0.778378,5.94726,15.861927,8.9e-05,19.303554,10.180815,0.003759
1792,0.731604,8.229708,24.614075,22.42537,0.819168,5.82574,20.752756,0.000143,18.629929,10.343294,0.003031
1793,0.7382,7.543798,25.268614,20.252983,0.692695,5.805054,8.872636,0.000122,20.615116,10.301141,0.002046
1794,0.750801,8.387282,24.624277,21.99731,0.678942,6.814586,10.738656,9.4e-05,20.442737,10.038917,0.002035
1795,0.707213,8.298065,25.956758,22.51847,0.7373,5.184263,10.79471,0.000155,19.418838,9.750125,0.002331
1796,0.753222,6.496805,24.501783,22.001161,0.782281,6.659556,13.492493,0.000158,18.82192,9.126523,0.002942
1797,0.727502,8.216151,23.784716,20.029915,0.829583,6.561938,14.222157,0.000118,19.400565,11.296651,0.003442
1798,0.749584,8.627469,28.191731,22.759604,0.808735,7.261346,17.622753,0.000125,19.777644,10.180828,0.003221
1799,0.728367,7.266841,26.049928,22.735689,0.77447,5.096768,9.757115,0.000152,19.19133,11.142507,0.003599
1800,0.819675,8.235884,24.93949,22.486022,0.720834,5.676506,22.539376,0.000146,18.9881,10.055459,0.003185
1801,0.78358,9.455745,26.670153,22.775394,0.695007,6.123537,16.015185,7.7e-05,20.106945,11.256385,0.002828
1802,0.795062,8.277154,24.352683,24.533517,0.737192,6.116502,13.209809,0.000118,18.732907,10.136325,0.002175
1803,0.747843,7.648709,24.721347,20.884815,0.610034,5.783405,13.963416,9.1e-05,19.603694,10.319188,0.001701
1804,0.761886,6.955074,24.030052,19.965535,0.700685,6.379895,15.493395,0.00025,21.253566,11.121184,0.002722
1805,0.681943,8.203576,25.029581,21.39848,0.674496,5.864685,22.499079,0.000121,17.850416,10.356486,0.002868
1806,0.720717,8.322688,25.51986,24.13521,0.79271,6.489017,16.556653,0.000103,18.791258,10.532987,0.001771
1807,0.766299,7.584106,24.496678,23.282821,0.872204,6.393855,12.881867,0.000148,18.854669,10.267018,0.003905
1808,0.778359,8.303179,26.48624,20.374767,0.785573,5.193581,10.773066,0.000121,20.814211,10.373566,0.003054
1809,0.777651,7.980497,27.209429,20.52989,0.768832,6.297671,11.869585,0.000109,19.148758,10.002028,0.002279
1810,0.762952,6.400058,26.070796,21.654194,0.931912,6.334283,15.019118,0.000186,20.725697,10.728734,0.003119
1811,0.750373,8.675057,28.058324,22.481471,0.681152,5.885889,9.084282,7.5e-05,19.997779,10.748321,0.003874
1812,0.756815,7.080175,22.571031,18.935562,0.851591,6.027737,12.336835,0.000111,19.876398,9.576659,0.003173
1813,0.764251,8.076434,28.677449,22.512273,0.70916,5.986044,22.272452,8.1e-05,18.885651,10.477817,0.002755
1814,0.732881,7.685387,26.580604,23.723006,0.606668,5.689187,25.758811,9.9e-05,19.82351,9.831093,0.002734
1815,0.791924,7.38519,28.232187,25.001026,0.696278,6.032499,17.346218,9.9e-05,19.862149,9.922468,0.003335
1816,0.723077,8.353397,27.204268,23.367381,0.836464,6.340808,18.111119,0.000155,20.89242,10.239797,0.001941
1817,0.763644,7.702894,25.605653,21.888513,0.861017,7.130494,14.298524,9.7e-05,19.52474,10.161193,0.003505
1818,0.794343,7.861899,26.766622,22.86304,0.686187,5.234893,12.420825,8e-05,19.089703,10.550873,0.002931
1819,0.760866,7.46476,26.444188,23.455746,0.753346,5.005867,11.709356,0.000122,20.900852,9.729147,0.002003
1820,0.737433,7.884796,28.972434,23.744117,0.624807,5.809459,15.600126,0.000189,19.337696,10.23301,0.002666
1821,0.761301,8.237369,25.001086,21.31283,0.774258,6.460229,12.693486,0.000125,19.685158,10.119588,0.002757
1822,0.731272,7.858669,25.871267,22.909147,0.737977,5.705959,17.079977,0.000164,20.317481,10.485193,0.00372
1823,0.740618,7.69607,25.919715,24.175274,0.5828,6.113608,29.783431,0.000127,19.444754,10.712876,0.003448
1824,0.700423,7.301206,24.257988,21.004618,0.882236,6.983649,8.007629,0.000132,19.113768,10.536777,0.003116
1825,0.78681,8.158728,25.78423,21.351243,0.760206,4.997717,22.181607,9.4e-05,18.666021,11.308046,0.003686
1826,0.730919,8.081895,26.642586,22.208848,0.548724,5.455882,13.524969,8.1e-05,20.258367,10.35871,0.002912
1827,0.770114,8.567405,28.718345,22.287203,0.600904,6.213286,13.725775,0.000115,20.033553,10.56037,0.002188
1828,0.794724,7.383566,24.913485,22.326875,0.984256,6.585568,12.991694,0.000116,20.227863,10.569712,0.002487
1829,0.682865,8.155269,24.184658,20.081444,0.805441,6.825962,11.815804,0.000125,19.562586,10.483091,0.002808
1830,0.814729,8.540087,26.587897,21.800242,0.619601,5.457983,7.538802,9.5e-05,19.472401,10.850036,0.003186
1831,0.766981,7.711834,25.981664,23.364667,0.668139,5.995823,23.01166,0.000135,18.906669,10.261086,0.002757
1832,0.781195,8.439814,26.850752,21.951339,0.807771,5.630106,23.308474,0.000164,18.649422,10.299006,0.002783
1833,0.729454,7.806054,23.237071,23.156858,0.851379,5.990232,10.387302,0.000172,19.810194,10.464166,0.002581
1834,0.74291,7.829744,25.17275,21.523236,0.681572,6.390762,17.11366,0.000131,19.750308,10.169698,0.002423
1835,0.7302,7.03605,27.154107,22.906261,0.719068,6.747259,16.353552,0.000118,18.729137,10.920727,0.002309
1836,0.734722,7.6925,28.943021,23.722729,0.771768,5.882998,9.38198,0.000118,19.334207,11.381022,0.002486
1837,0.721572,8.458746,26.766402,22.965622,0.674039,6.006947,20.499318,0.000143,19.642185,10.039325,0.002318
1838,0.749766,8.536457,24.75786,22.209133,0.765775,5.671613,22.713506,0.000138,20.792401,10.936219,0.003505
1839,0.840909,7.76066,26.096336,21.461106,0.869216,6.064972,18.768578,0.000132,19.593513,10.416145,0.002355
1840,0.734589,8.445096,25.051114,20.12233,0.819144,5.658282,10.292078,0.000121,19.623886,10.453653,0.003576
1841,0.76969,6.874634,24.846633,21.92518,0.849902,6.304394,14.032887,0.000126,19.281364,10.047276,0.002716
1842,0.706749,8.151826,25.813458,22.211752,0.76143,5.887806,12.784326,0.0001,19.558238,10.163434,0.002977
1843,0.720244,8.262666,26.467755,22.585211,0.783927,6.094649,20.257632,0.000117,19.259957,10.360004,0.002878
1844,0.734319,7.408864,25.815197,23.063758,0.632554,6.052343,16.23932,0.000108,18.915719,10.554692,0.003283
1845,0.732804,8.036346,30.878552,22.457292,0.834518,5.775426,10.813736,9.8e-05,20.256822,11.01839,0.002204
1846,0.754071,8.121853,26.048432,21.945356,0.824461,5.789597,16.742403,0.000136,20.65889,11.060271,0.002113
1847,0.78157,8.210909,26.699505,21.538785,0.625219,6.162321,16.841963,0.000105,19.510359,10.986165,0.003913
1848,0.745165,7.473564,26.555885,25.144825,0.808505,5.319793,14.662009,0.000171,18.889011,10.538793,0.003125
1849,0.75304,7.278186,24.546156,23.355077,0.955083,5.68633,15.845315,0.000129,19.416281,10.756756,0.002967
1850,0.706373,7.94382,26.710417,23.185274,0.90982,5.45092,24.3942,0.000109,18.912338,10.24418,0.003317
1851,0.708246,7.961419,22.718327,20.78912,0.817803,6.050659,11.541124,0.00014,20.782383,10.499037,0.003319
1852,0.74674,8.133168,28.314314,23.531744,0.721262,5.530167,21.297988,0.000121,19.449072,11.058315,0.002435
1853,0.736694,7.665501,25.393142,20.180316,0.812118,5.66863,16.844291,0.000158,20.430144,10.327688,0.004042
1854,0.781597,7.686101,24.993793,22.126665,0.738189,6.21979,13.405224,0.000124,19.985823,10.580833,0.002337
1855,0.775287,8.791327,22.989505,23.290648,0.617367,5.529092,13.486553,0.000113,18.835918,9.570975,0.003412
1856,0.706528,8.016105,26.691388,21.628311,0.826438,5.662982,14.42654,7.5e-05,19.377801,10.381778,0.002642
1857,0.677826,7.467761,25.608465,21.135093,0.72976,5.924694,14.018043,8.2e-05,20.186641,11.003196,0.002011
1858,0.717847,8.340599,26.464301,21.818851,0.869003,6.918651,23.556309,0.000161,18.561718,10.38023,0.002905
1859,0.713964,7.607501,24.996938,22.030587,0.784776,5.257598,12.299632,9.7e-05,18.358351,10.182254,0.003643
1860,0.767702,7.384955,27.570831,20.521178,0.916236,5.808906,11.372313,0.000104,19.167875,10.21881,0.002057
1861,0.743924,8.058761,26.09904,22.574698,0.870472,5.380774,10.705533,0.000118,18.83412,10.50841,0.003674
1862,0.71946,8.11847,25.706848,20.176065,0.886313,5.754307,23.139309,0.000101,20.156838,10.532799,0.002615
1863,0.752039,8.040582,25.193288,20.785664,0.628108,5.432249,15.315169,0.000127,19.633682,10.247085,0.002005
1864,0.759008,8.654686,27.715608,21.950092,0.694891,5.573228,16.584513,8e-05,19.203299,10.145931,0.003074
1865,0.668557,7.036945,25.248806,22.153056,0.713616,6.003412,14.873363,0.000131,18.232253,10.41137,0.003902
1866,0.707875,7.492772,26.963202,23.427978,0.682923,5.851293,16.422018,0.000117,19.670958,10.305074,0.003191
1867,0.719267,8.399721,24.931517,21.430322,0.858225,5.853319,10.50842,0.000104,19.800746,11.00866,0.0025
1868,0.731272,7.988977,26.725326,21.735921,0.684024,5.916416,15.289818,0.000104,20.431259,10.362726,0.002687
1869,0.767649,6.864043,22.511674,20.455241,0.871501,6.007827,12.81632,0.000139,20.066382,10.435936,0.002979
1870,0.724668,6.992469,27.226911,25.950932,0.714317,5.30384,16.119559,0.000103,20.575565,10.663388,0.003568
1871,0.792566,7.931058,25.988277,22.870338,0.741882,5.6143,13.111004,0.000137,19.828263,10.243321,0.002907
1872,0.731043,7.885701,25.354825,22.014271,0.721448,6.210686,20.916296,9e-05,18.5245,10.132038,0.003231
1873,0.761664,7.999116,24.479243,20.513072,0.640103,5.813773,12.674919,0.000105,19.43001,9.993894,0.002871
1874,0.775214,8.757747,27.051106,22.651835,0.806446,4.876758,20.846392,0.000115,20.094713,11.324752,0.002448
1875,0.750712,6.773996,24.136293,21.27965,0.757755,6.757827,12.663744,0.000104,19.540927,10.725436,0.003819
1876,0.731641,7.637974,25.093832,22.452043,0.742828,5.989196,19.487951,0.000248,19.555164,10.992505,0.003829
1877,0.790702,7.890394,26.33995,22.797745,0.620887,6.00681,15.694822,9.8e-05,19.950764,10.607431,0.002707
1878,0.700777,8.225659,25.322843,22.821451,0.599921,7.242316,11.600689,0.000126,19.552203,9.563714,0.002159
1879,0.749152,8.566581,29.555532,22.940891,0.754282,6.067042,9.491458,0.000103,19.692364,10.315192,0.003168
1880,0.798416,8.428946,25.756291,22.320025,0.695525,6.348916,19.315725,0.00014,20.103558,10.343595,0.003159
1881,0.686114,8.731864,28.148862,24.594794,0.692494,6.466742,17.328213,0.000106,19.527514,11.220401,0.002782
1882,0.739619,8.280628,27.982027,21.987226,0.766019,5.1233,8.004079,0.000116,20.52869,10.250653,0.002691
1883,0.750837,8.198284,24.246387,21.55885,0.787299,5.560856,17.323519,0.0001,18.580765,9.873927,0.003244
1884,0.749292,7.696982,25.631413,20.802961,0.737748,6.685826,8.64951,0.000129,18.206951,10.785204,0.003343
1885,0.741916,7.572161,26.377407,22.607918,0.729714,6.324776,14.941481,0.000141,18.419676,10.81888,0.00323
1886,0.725896,8.513508,28.494393,23.506575,0.704595,5.033176,10.642904,0.00012,19.398626,10.740913,0.00366
1887,0.721892,7.808221,24.032357,22.283593,0.860722,5.466346,24.356071,0.000152,20.351862,10.151069,0.00282
1888,0.724958,8.193883,28.362623,20.447911,0.695031,5.768891,14.494921,0.000131,18.981303,10.374652,0.002632
1889,0.734397,7.244389,24.530155,20.472026,0.874485,6.901795,12.131094,0.000154,20.130832,11.250277,0.003658
1890,0.730496,8.18802,26.757767,21.986054,1.099463,6.967436,11.85828,9.1e-05,19.789491,9.746854,0.004113
1891,0.744256,7.452815,24.99821,21.872196,0.863562,5.876036,13.487453,0.000146,19.718216,10.188546,0.002978
1892,0.678429,7.965057,25.764425,22.65171,0.73416,5.37717,9.72753,0.000123,19.018778,10.103615,0.003798
1893,0.761153,7.411446,25.285109,21.89085,0.766355,5.930892,17.649585,9.2e-05,20.803238,10.698309,0.001933
1894,0.781508,7.308922,24.630017,21.187661,0.799532,5.444916,17.706187,0.00012,20.10552,9.963849,0.001888
1895,0.76488,9.023306,26.127521,24.857884,0.643066,6.207071,15.634997,0.000156,19.116497,9.81654,0.002715
1896,0.748339,8.45621,24.308777,19.440529,0.739608,5.406995,10.376302,0.000148,19.594066,10.662809,0.002497
1897,0.742146,7.906691,25.604303,21.145359,0.897897,5.562194,28.811356,0.000139,18.965225,10.079381,0.002644
1898,0.758898,7.562941,24.736211,23.710752,0.774473,5.385467,31.586586,0.000209,18.401739,10.046826,0.002647
1899,0.722919,9.676928,28.685368,23.889862,0.781578,5.62791,12.150533,0.000217,19.617135,10.435124,0.002551
1900,0.737569,8.572416,27.19023,23.346932,0.716493,6.700884,6.088183,8.5e-05,19.124991,10.529569,0.002816
1901,0.792192,7.794871,25.33109,21.422409,0.751061,6.537615,15.888927,0.000157,20.086748,10.229611,0.002864
1902,0.738817,8.174142,26.670931,21.300073,0.760228,5.16366,17.819281,0.000162,20.108153,9.693844,0.002501
1903,0.702704,8.096662,24.87647,22.053537,0.623226,5.746431,19.051961,0.000127,19.352858,10.447633,0.003208
1904,0.766518,8.299357,26.945532,21.529412,1.022783,5.163689,11.78322,0.000151,19.651439,11.143041,0.002655
1905,0.745583,7.129435,25.031566,21.869835,0.745341,7.144086,13.735441,0.000117,20.298391,10.587188,0.002988
1906,0.718951,7.481232,25.747701,21.035826,0.644174,5.604752,14.517561,0.000113,19.255096,10.50469,0.003705
1907,0.741071,7.620697,23.905488,20.610215,0.776829,6.864069,21.966799,0.000135,19.053615,10.131728,0.002939
1908,0.77909,8.836931,29.795567,24.853338,0.853423,5.958779,21.595068,0.000104,20.50402,10.209932,0.002344
1909,0.783412,7.439352,24.280649,22.732016,0.718954,5.815858,16.445029,0.00011,18.906996,10.368862,0.003238
1910,0.733351,8.336726,23.608201,21.791441,0.799028,6.318398,11.959843,0.000132,20.46189,10.301805,0.003906
1911,0.744889,7.979584,24.98485,22.46989,0.757822,6.249064,13.31034,0.000204,19.373765,10.414148,0.00429
1912,0.814129,7.445352,25.37925,20.210566,0.680715,6.330556,7.902613,0.000108,19.696031,9.966522,0.002065
1913,0.810128,8.730277,26.56913,21.629821,0.644481,5.957846,13.534609,0.000117,19.57222,10.030267,0.003418
1914,0.71903,8.593125,23.353115,20.196168,0.780393,6.404066,17.044077,0.000168,19.463737,9.865879,0.00372
1915,0.756167,7.812826,26.486924,22.214446,0.73945,6.089118,15.030907,7.9e-05,19.245523,10.262289,0.003158
1916,0.696548,7.323615,24.631295,21.203476,0.707275,6.604796,11.281011,0.00012,19.157607,10.506452,0.004212
1917,0.820601,8.431485,23.274764,18.937939,0.679808,5.772811,11.65773,0.00013,19.913758,10.474473,0.003143
1918,0.734634,8.773139,29.932994,23.253829,0.556874,5.662596,16.17463,0.000111,19.488704,9.994733,0.003282
1919,0.807948,7.790435,28.811453,20.744846,0.738911,6.699874,13.169603,9.9e-05,19.313199,10.221808,0.002261
1920,0.766243,7.936774,25.867426,24.625502,0.755934,6.131311,14.849348,0.00016,19.292826,10.475599,0.003729
1921,0.77986,8.354196,26.991811,23.704724,0.681562,5.18886,15.174347,0.000178,19.502824,10.92329,0.00309
1922,0.764388,7.985475,27.168076,20.177153,0.745639,6.663432,8.009415,0.000101,19.428541,9.94837,0.002552
1923,0.758277,7.806782,25.340274,21.235488,0.882325,6.630773,19.897744,0.000144,19.017452,9.802309,0.003076
1924,0.74127,8.470529,24.795725,20.247423,0.703276,6.142547,15.322679,8.7e-05,19.253707,10.825992,0.002873
1925,0.725621,7.42811,24.772529,20.603602,0.699467,5.216291,9.728049,0.000114,20.231194,9.663277,0.003904
1926,0.764771,6.630121,24.732888,22.834015,0.904303,5.915314,19.743932,0.000105,20.201489,10.048857,0.003183
1927,0.760304,8.874194,27.217288,23.182055,0.640705,5.909205,12.465573,0.000101,20.377375,10.468112,0.00271
1928,0.713171,7.65031,24.149371,21.882597,0.849947,5.95749,9.110251,0.000104,19.412409,10.020166,0.002335
1929,0.710893,7.870932,27.842143,21.636027,0.703153,6.577856,10.686019,0.000132,19.691844,11.016984,0.002638
1930,0.7529,7.953659,25.121285,22.246857,0.612633,6.499053,17.072663,0.000129,20.118277,9.662435,0.003194
1931,0.716389,7.18252,29.404669,24.310508,0.777068,5.758026,12.319177,9e-05,18.738746,10.614181,0.003846
1932,0.804988,8.223865,24.346526,22.595525,0.812267,5.767462,11.771184,9.3e-05,19.894603,10.618968,0.00354
1933,0.745875,7.807085,27.447995,22.34813,0.646946,6.090383,13.607349,0.000111,19.397269,10.568276,0.004308
1934,0.743173,8.880291,28.014487,23.64868,0.915616,5.874408,15.638769,0.000113,18.403959,10.134731,0.004411
1935,0.72795,7.767146,26.110092,20.897978,0.85324,5.862951,14.555455,9.8e-05,19.631204,9.4886,0.002913
1936,0.799355,8.626461,25.765615,21.918345,0.796614,5.361889,20.927182,0.000149,18.745917,10.564992,0.002045
1937,0.790199,7.559952,25.550488,24.568672,0.715583,5.96461,13.796869,0.000155,20.092835,10.29534,0.002293
1938,0.72542,7.214885,25.282446,25.66294,0.817767,5.952699,18.250408,9.5e-05,20.235037,10.810418,0.003377
1939,0.740817,8.40995,27.757068,24.199105,0.604984,6.183249,11.979399,7.9e-05,19.177151,10.240044,0.002703
1940,0.684212,7.830896,25.206501,24.191193,0.743359,5.767683,12.999419,0.000141,18.621513,10.074781,0.002998
1941,0.761207,8.060745,27.180918,23.762058,0.730421,5.618728,9.131675,0.000103,19.184746,9.30744,0.004375
1942,0.695472,8.849053,27.708234,21.603465,0.756556,5.293486,19.063928,0.000113,19.908145,10.137047,0.002676
1943,0.76174,7.129566,25.035171,21.978441,0.737804,6.201569,15.351417,0.00011,18.393293,10.191866,0.004211
1944,0.817723,7.695004,28.976102,22.959108,0.738869,5.847497,14.46364,9.4e-05,18.749121,10.208977,0.003146
1945,0.736318,8.191398,27.865728,23.223616,0.760483,5.508947,17.705412,9.7e-05,17.690583,10.416076,0.002887
1946,0.756083,7.685171,24.711363,22.328707,0.779965,5.659756,16.153292,0.000171,18.972943,10.073175,0.002718
1947,0.768956,8.175032,26.898965,23.6733,0.878978,5.749448,22.287544,9.3e-05,20.054565,9.974205,0.003518
1948,0.789258,8.300421,21.955122,19.760044,0.72293,6.08286,7.386512,0.000141,19.278633,10.418291,0.003432
1949,0.732807,7.777094,30.372327,22.475449,0.706456,6.754283,18.26634,0.000108,21.225396,10.455272,0.002302
1950,0.717721,7.493796,27.146221,22.398989,0.706782,5.413627,16.402869,0.000138,20.012008,10.394831,0.002526
1951,0.712028,7.843836,25.402776,22.609392,0.745673,6.089053,15.567317,0.000118,19.892653,10.752642,0.003601
1952,0.780332,7.665186,26.372959,21.264829,0.791834,6.321516,12.136309,0.00012,20.1035,10.885903,0.003174
1953,0.676632,9.304913,27.002381,22.492209,0.658907,6.251968,15.792128,0.00011,19.143193,9.994613,0.002529
1954,0.701964,7.296273,23.805332,22.152937,0.713101,5.132331,13.456503,0.000176,19.549661,10.936948,0.002747
1955,0.7482,6.973938,25.101766,19.888857,0.726965,7.008906,10.902013,0.000129,18.834797,10.503373,0.002953
1956,0.776036,8.390167,27.780463,22.432961,0.672107,6.086422,16.456045,9.3e-05,19.969962,10.473541,0.002087
1957,0.701522,8.502812,26.193619,25.224627,0.768467,5.822676,12.18129,0.000117,18.970034,10.445531,0.003216
1958,0.719871,7.355033,28.874088,23.732265,0.895015,6.363482,12.445106,9.4e-05,19.315669,10.861564,0.003678
1959,0.727153,7.6056,27.539827,21.672944,0.851376,4.856551,15.658204,0.00015,20.015645,9.764234,0.003229
1960,0.759891,8.729553,25.096917,19.819613,0.554258,5.30002,13.540213,0.00013,19.503078,10.5948,0.002514
1961,0.758263,7.556763,29.84314,23.600637,0.907424,5.977922,20.825294,0.00013,19.482355,10.851393,0.002766
1962,0.742862,8.070472,25.308691,22.27674,0.827681,5.913007,14.733434,0.000112,19.238488,10.348687,0.002137
1963,0.743524,7.144849,24.157818,21.604405,0.867629,6.036591,16.919159,0.000132,18.660429,10.341504,0.00426
1964,0.747369,8.103225,27.599557,23.03097,0.55335,5.373886,14.472828,0.000101,19.685804,10.223534,0.003099
1965,0.765648,7.98985,24.899488,21.955546,0.932986,6.290033,18.276569,9.3e-05,20.489812,10.10266,0.003796
1966,0.736067,8.765913,26.462343,21.914929,0.676251,5.559877,8.717804,0.000128,19.971042,11.621226,0.003892
1967,0.735705,8.301319,25.749871,23.21273,0.861863,5.963726,12.225626,0.000116,19.34057,10.015691,0.002945
1968,0.72254,7.835255,27.320607,22.643242,0.799722,6.631108,15.461479,0.000103,19.514254,10.498294,0.00247
1969,0.736558,7.683716,26.673906,22.744616,0.755793,6.06415,12.631067,0.00014,19.13285,9.91621,0.003049
1970,0.764119,7.712894,26.990484,20.70838,0.907334,5.679869,20.853331,0.000129,20.108485,9.967805,0.004183
1971,0.759689,8.02291,26.856282,22.129887,0.690129,6.670004,16.166122,8.4e-05,19.746597,10.56741,0.002764
1972,0.753,8.230843,26.239209,21.739499,0.732975,5.935741,12.560869,0.000117,19.34939,10.521575,0.003443
1973,0.73866,6.918373,27.738718,20.274097,0.941456,6.277368,15.91274,0.000138,20.649429,10.279689,0.002625
1974,0.733072,8.634466,28.092489,22.319434,0.636796,6.3122,20.984758,5.4e-05,18.963837,10.048188,0.002392
1975,0.741551,8.379765,25.948048,22.45826,0.707521,5.786665,13.507064,0.000141,20.077466,10.374129,0.002253
1976,0.762886,8.277603,25.111477,20.438383,0.625469,5.993288,11.262206,0.000131,19.676299,10.256034,0.003571
1977,0.746078,8.857236,25.32806,19.759728,0.69531,5.751021,19.846667,0.000133,19.928757,10.248256,0.002669
1978,0.703384,7.901344,27.573069,22.557784,0.699352,6.293743,11.804045,8.2e-05,19.928654,10.696381,0.003958
1979,0.744461,7.761875,22.847081,21.659885,0.751047,5.889364,9.925501,0.000127,19.525142,10.946575,0.003685
1980,0.790646,8.265566,28.075279,24.639043,0.862136,5.11212,13.036545,0.000142,19.531116,10.428184,0.003533
1981,0.752221,8.925501,24.614648,22.833785,0.768038,5.643632,13.69424,0.000124,18.770454,10.69936,0.003615
1982,0.798228,7.751475,28.07867,21.040062,0.799178,6.444908,15.136533,0.000109,19.987079,11.180345,0.002621
1983,0.750365,9.730547,25.453824,21.961118,0.826258,6.394949,13.933198,0.000106,18.730305,9.896654,0.002188
1984,0.735558,8.163538,26.641429,23.822301,0.697945,5.594153,14.448625,0.000138,18.757903,10.527925,0.003154
1985,0.740093,7.460631,25.643402,20.960569,0.71449,6.292627,17.654777,9.4e-05,18.885201,10.935491,0.004066
1986,0.707116,8.21299,25.152014,23.232052,0.701876,5.263202,8.011173,0.00011,19.690506,9.772437,0.00273
1987,0.769522,8.348762,27.156796,21.512285,0.702224,6.530721,11.959185,0.000124,18.783081,9.925404,0.002816
1988,0.792098,8.724511,26.847968,24.195398,0.653093,6.286333,12.68384,0.000131,19.025513,10.094811,0.002246
1989,0.729789,8.152854,26.174657,21.428555,0.806289,5.407174,8.587109,9.2e-05,18.460729,10.547409,0.003601
1990,0.671542,7.381715,26.799745,22.058505,0.829973,6.526508,22.312442,9.4e-05,20.162762,10.980921,0.00259
1991,0.76452,7.433318,26.50116,20.669507,0.7286,6.122132,21.49151,8.4e-05,18.75177,10.342131,0.002795
1992,0.783728,8.418155,26.357257,23.793513,0.779857,5.717247,9.856449,0.000123,20.144389,10.141228,0.003153
1993,0.766369,7.899557,25.777161,21.540306,0.926164,6.451218,13.718629,7.7e-05,19.432323,10.969051,0.003197
1994,0.778896,8.820629,26.420423,24.348755,0.673021,6.143283,16.940549,0.000135,19.430365,10.595593,0.003359
1995,0.736563,7.279718,24.146362,23.236294,0.814079,7.092597,17.550049,0.000147,19.981441,10.591958,0.003608
1996,0.767933,8.395181,28.124283,21.118635,0.773898,6.111021,21.248184,9.6e-05,18.808078,9.751696,0.002955
1997,0.743039,8.969973,23.331572,21.944484,0.722216,7.344475,20.890156,0.0001,19.204215,10.725091,0.004295
1998,0.71476,7.359224,27.353276,21.782522,0.6625,5.00271,13.506552,0.000114,18.600192,10.213009,0.003576
1999,0.782957,7.488338,25.966478,22.113899,0.761683,5.53599,22.071381,7e-05,19.416018,11.485139,0.00258
